ERROR 2026-01-14 11:28:45,149 log 6384 14596 Internal Server Error: /mentorship/top-performing-mentors/
ERROR 2026-01-14 11:28:45,737 log 6384 14596 Internal Server Error: /mentorship/top-performing-mentors/
ERROR 2026-01-14 11:35:46,600 log 6384 14596 Internal Server Error: /mentorship/top-performing-mentors/
ERROR 2026-01-14 11:50:47,039 log 6384 14596 Internal Server Error: /mentorship/top-performing-mentors/
ERROR 2026-01-14 11:50:47,498 log 6384 14596 Internal Server Error: /mentorship/top-performing-mentors/
ERROR 2026-01-14 11:51:49,645 log 6384 14596 Internal Server Error: /mentorship/top-performing-mentors/
ERROR 2026-01-14 11:52:48,385 log 6384 14596 Internal Server Error: /mentorship/top-performing-mentors/
ERROR 2026-01-14 11:52:49,296 log 6384 14596 Internal Server Error: /mentorship/top-performing-mentors/
ERROR 2026-01-14 12:09:44,538 log 6384 14596 Internal Server Error: /mentorship/top-performing-mentors/
ERROR 2026-01-14 12:09:45,406 log 6384 14596 Internal Server Error: /mentorship/top-performing-mentors/
ERROR 2026-01-14 12:11:22,825 log 6384 14596 Internal Server Error: /mentorship/mentorships/1/programs/1/schedule-session/
ERROR 2026-01-14 14:18:25,653 log 12856 11028 Internal Server Error: /mentorship/top-performing-mentors/
ERROR 2026-01-14 14:18:26,267 log 12856 11028 Internal Server Error: /mentorship/top-performing-mentors/
ERROR 2026-01-14 14:23:54,508 log 12856 11028 Internal Server Error: /mentorship/top-performing-mentors/
ERROR 2026-01-14 14:23:55,093 log 12856 11028 Internal Server Error: /mentorship/top-performing-mentors/
ERROR 2026-01-14 14:24:22,049 log 12856 11028 Internal Server Error: /mentorship/top-performing-mentors/
ERROR 2026-01-14 14:24:23,503 log 12856 11028 Internal Server Error: /mentorship/top-performing-mentors/
ERROR 2026-01-14 14:24:26,189 log 12856 11028 Internal Server Error: /mentorship/top-performing-mentors/
ERROR 2026-01-14 14:24:26,884 log 12856 11028 Internal Server Error: /mentorship/top-performing-mentors/
ERROR 2026-01-14 14:28:39,061 log 12856 11028 Internal Server Error: /mentorship/top-performing-mentors/
ERROR 2026-01-14 14:28:39,768 log 12856 11028 Internal Server Error: /mentorship/top-performing-mentors/
ERROR 2026-01-14 14:28:56,568 log 12856 11028 Internal Server Error: /mentorship/mentorships/1/programs/1/schedule-session/
ERROR 2026-01-14 14:29:43,041 log 12856 11028 Internal Server Error: /mentorship/my-dashboard/
ERROR 2026-01-14 14:29:43,044 log 12856 15492 Internal Server Error: /mentorship/my-upcoming-sessions/
ERROR 2026-01-14 14:29:43,964 log 12856 11028 Internal Server Error: /mentorship/my-dashboard/
ERROR 2026-01-14 14:29:44,038 log 12856 15492 Internal Server Error: /mentorship/my-upcoming-sessions/
ERROR 2026-01-14 14:29:44,426 log 12856 11028 Internal Server Error: /mentorship/my-dashboard/
ERROR 2026-01-14 14:29:44,434 log 12856 15492 Internal Server Error: /mentorship/my-upcoming-sessions/
ERROR 2026-01-14 14:29:45,286 log 12856 11028 Internal Server Error: /mentorship/my-dashboard/
ERROR 2026-01-14 14:29:45,316 log 12856 15492 Internal Server Error: /mentorship/my-upcoming-sessions/
ERROR 2026-01-14 14:29:46,670 log 12856 11028 Internal Server Error: /mentorship/my-upcoming-sessions/
ERROR 2026-01-14 14:29:46,680 log 12856 15492 Internal Server Error: /mentorship/my-dashboard/
ERROR 2026-01-14 14:29:47,512 log 12856 11028 Internal Server Error: /mentorship/my-dashboard/
ERROR 2026-01-14 14:29:47,516 log 12856 15492 Internal Server Error: /mentorship/my-upcoming-sessions/
ERROR 2026-01-14 14:30:08,387 log 12856 11028 Internal Server Error: /mentorship/my-upcoming-sessions/
ERROR 2026-01-14 14:30:08,440 log 12856 15492 Internal Server Error: /mentorship/my-dashboard/
ERROR 2026-01-14 14:30:08,693 log 12856 11028 Internal Server Error: /mentorship/my-upcoming-sessions/
ERROR 2026-01-14 14:30:08,938 log 12856 15492 Internal Server Error: /mentorship/my-dashboard/
ERROR 2026-01-14 14:30:09,812 log 12856 11028 Internal Server Error: /mentorship/my-upcoming-sessions/
ERROR 2026-01-14 14:30:09,832 log 12856 15492 Internal Server Error: /mentorship/my-dashboard/
ERROR 2026-01-14 14:30:10,722 log 12856 11028 Internal Server Error: /mentorship/my-upcoming-sessions/
ERROR 2026-01-14 14:30:10,734 log 12856 15492 Internal Server Error: /mentorship/my-dashboard/
ERROR 2026-01-14 14:30:12,745 log 12856 11028 Internal Server Error: /mentorship/my-upcoming-sessions/
ERROR 2026-01-14 14:30:12,752 log 12856 15492 Internal Server Error: /mentorship/my-dashboard/
ERROR 2026-01-14 14:30:13,739 log 12856 11028 Internal Server Error: /mentorship/my-upcoming-sessions/
ERROR 2026-01-14 14:30:13,748 log 12856 15492 Internal Server Error: /mentorship/my-dashboard/
ERROR 2026-01-14 14:36:35,812 log 12856 11028 Internal Server Error: /mentorship/my-dashboard/
ERROR 2026-01-14 14:36:35,825 log 12856 15492 Internal Server Error: /mentorship/my-upcoming-sessions/
ERROR 2026-01-14 14:36:36,251 log 12856 11028 Internal Server Error: /mentorship/my-upcoming-sessions/
ERROR 2026-01-14 14:36:36,251 log 12856 15492 Internal Server Error: /mentorship/my-dashboard/
ERROR 2026-01-14 14:36:37,074 log 12856 11028 Internal Server Error: /mentorship/my-dashboard/
ERROR 2026-01-14 14:36:37,089 log 12856 15492 Internal Server Error: /mentorship/my-upcoming-sessions/
ERROR 2026-01-14 14:36:37,751 log 12856 11028 Internal Server Error: /mentorship/my-upcoming-sessions/
ERROR 2026-01-14 14:36:37,775 log 12856 15492 Internal Server Error: /mentorship/my-dashboard/
ERROR 2026-01-14 14:36:39,286 log 12856 11028 Internal Server Error: /mentorship/my-dashboard/
ERROR 2026-01-14 14:36:39,294 log 12856 15492 Internal Server Error: /mentorship/my-upcoming-sessions/
ERROR 2026-01-14 14:36:39,960 log 12856 11028 Internal Server Error: /mentorship/my-upcoming-sessions/
ERROR 2026-01-14 14:36:39,976 log 12856 15492 Internal Server Error: /mentorship/my-dashboard/
ERROR 2026-01-14 14:46:23,030 log 12856 11028 Internal Server Error: /mentorship/my-dashboard/
ERROR 2026-01-14 14:46:23,035 log 12856 15492 Internal Server Error: /mentorship/my-upcoming-sessions/
ERROR 2026-01-14 14:46:23,648 log 12856 11028 Internal Server Error: /mentorship/my-upcoming-sessions/
ERROR 2026-01-14 14:46:23,699 log 12856 15492 Internal Server Error: /mentorship/my-dashboard/
ERROR 2026-01-14 14:46:24,265 log 12856 11028 Internal Server Error: /mentorship/my-dashboard/
ERROR 2026-01-14 14:46:24,280 log 12856 15492 Internal Server Error: /mentorship/my-upcoming-sessions/
ERROR 2026-01-14 14:46:24,865 log 12856 11028 Internal Server Error: /mentorship/my-upcoming-sessions/
ERROR 2026-01-14 14:46:25,005 log 12856 15492 Internal Server Error: /mentorship/my-dashboard/
ERROR 2026-01-14 14:46:26,755 log 12856 11028 Internal Server Error: /mentorship/my-dashboard/
ERROR 2026-01-14 14:46:26,767 log 12856 15492 Internal Server Error: /mentorship/my-upcoming-sessions/
ERROR 2026-01-14 14:46:27,817 log 12856 11028 Internal Server Error: /mentorship/my-upcoming-sessions/
ERROR 2026-01-14 14:46:27,818 log 12856 15492 Internal Server Error: /mentorship/my-dashboard/
ERROR 2026-01-14 14:53:00,490 log 12856 11028 Internal Server Error: /mentorship/my-upcoming-sessions/
ERROR 2026-01-14 14:53:00,556 log 12856 15492 Internal Server Error: /mentorship/my-dashboard/
ERROR 2026-01-14 14:53:01,123 log 12856 11028 Internal Server Error: /mentorship/my-upcoming-sessions/
ERROR 2026-01-14 14:53:01,165 log 12856 15492 Internal Server Error: /mentorship/my-dashboard/
ERROR 2026-01-14 14:53:01,745 log 12856 11028 Internal Server Error: /mentorship/my-upcoming-sessions/
ERROR 2026-01-14 14:53:01,768 log 12856 15492 Internal Server Error: /mentorship/my-dashboard/
ERROR 2026-01-14 14:53:02,288 log 12856 11028 Internal Server Error: /mentorship/my-upcoming-sessions/
ERROR 2026-01-14 14:53:02,703 log 12856 15492 Internal Server Error: /mentorship/my-dashboard/
ERROR 2026-01-14 14:53:04,993 log 12856 11028 Internal Server Error: /mentorship/my-upcoming-sessions/
ERROR 2026-01-14 14:53:04,998 log 12856 15492 Internal Server Error: /mentorship/my-dashboard/
ERROR 2026-01-14 14:53:05,131 log 12856 11028 Internal Server Error: /mentorship/my-upcoming-sessions/
ERROR 2026-01-14 14:53:05,722 log 12856 15492 Internal Server Error: /mentorship/my-dashboard/
ERROR 2026-01-14 15:32:50,265 log 10820 14640 Internal Server Error: /mentorship/top-performing-mentors/
ERROR 2026-01-14 15:32:51,064 log 10820 14640 Internal Server Error: /mentorship/top-performing-mentors/
ERROR 2026-01-14 15:35:29,099 log 10820 14640 Internal Server Error: /mentorship/top-performing-mentors/
ERROR 2026-01-14 15:35:29,861 log 10820 14640 Internal Server Error: /mentorship/top-performing-mentors/
ERROR 2026-01-14 15:36:08,703 log 10820 14640 Internal Server Error: /mentorship/top-performing-mentors/
ERROR 2026-01-14 15:36:09,372 log 10820 14640 Internal Server Error: /mentorship/top-performing-mentors/
ERROR 2026-01-14 15:36:27,450 log 10820 14640 Internal Server Error: /mentorship/top-performing-mentors/
ERROR 2026-01-14 15:36:27,999 log 10820 14640 Internal Server Error: /mentorship/top-performing-mentors/
ERROR 2026-01-14 15:40:28,487 log 10820 14640 Internal Server Error: /mentorship/top-performing-mentors/
ERROR 2026-01-14 15:40:29,417 log 10820 14640 Internal Server Error: /mentorship/top-performing-mentors/
ERROR 2026-01-14 15:42:44,851 log 10820 14640 Internal Server Error: /mentorship/top-performing-mentors/
ERROR 2026-01-14 15:42:45,612 log 10820 14640 Internal Server Error: /mentorship/top-performing-mentors/
ERROR 2026-01-14 15:43:51,631 log 10820 14640 Internal Server Error: /mentorship/top-performing-mentors/
ERROR 2026-01-14 15:43:53,291 log 10820 14640 Internal Server Error: /mentorship/top-performing-mentors/
ERROR 2026-01-14 15:44:27,244 log 10820 14640 Internal Server Error: /mentorship/top-performing-mentors/
ERROR 2026-01-14 15:44:27,779 log 10820 14640 Internal Server Error: /mentorship/top-performing-mentors/
ERROR 2026-01-14 15:45:01,972 log 10820 14640 Internal Server Error: /mentorship/top-performing-mentors/
ERROR 2026-01-14 15:45:02,911 log 10820 14640 Internal Server Error: /mentorship/top-performing-mentors/
ERROR 2026-01-14 15:45:35,372 log 10820 14640 Internal Server Error: /mentorship/top-performing-mentors/
ERROR 2026-01-14 15:45:36,354 log 10820 14640 Internal Server Error: /mentorship/top-performing-mentors/
ERROR 2026-01-14 15:46:23,806 log 10820 14640 Internal Server Error: /mentorship/top-performing-mentors/
ERROR 2026-01-14 15:46:25,319 log 10820 14640 Internal Server Error: /mentorship/top-performing-mentors/
ERROR 2026-01-14 15:46:58,411 log 10820 14640 Internal Server Error: /mentorship/top-performing-mentors/
ERROR 2026-01-14 15:46:59,162 log 10820 14640 Internal Server Error: /mentorship/top-performing-mentors/
ERROR 2026-01-14 15:51:12,219 log 10820 14640 Internal Server Error: /mentorship/top-performing-mentors/
ERROR 2026-01-14 15:51:13,307 log 10820 14640 Internal Server Error: /mentorship/top-performing-mentors/
ERROR 2026-01-14 15:53:05,982 log 10820 14640 Internal Server Error: /mentorship/top-performing-mentors/
ERROR 2026-01-14 15:53:07,828 log 10820 14640 Internal Server Error: /mentorship/top-performing-mentors/
ERROR 2026-01-14 15:53:38,722 log 10820 14640 Internal Server Error: /mentorship/top-performing-mentors/
ERROR 2026-01-14 15:53:39,568 log 10820 14640 Internal Server Error: /mentorship/top-performing-mentors/
ERROR 2026-01-14 15:54:18,889 log 10820 14640 Internal Server Error: /mentorship/top-performing-mentors/
ERROR 2026-01-14 15:54:19,939 log 10820 14640 Internal Server Error: /mentorship/top-performing-mentors/
ERROR 2026-01-14 15:55:09,005 log 10820 14640 Internal Server Error: /mentorship/top-performing-mentors/
ERROR 2026-01-14 15:55:10,608 log 10820 14640 Internal Server Error: /mentorship/top-performing-mentors/
ERROR 2026-01-14 15:55:23,599 log 10820 14640 Internal Server Error: /mentorship/top-performing-mentors/
ERROR 2026-01-14 15:55:24,822 log 10820 14640 Internal Server Error: /mentorship/top-performing-mentors/
ERROR 2026-01-14 16:00:06,019 log 10820 14640 Internal Server Error: /mentorship/top-performing-mentors/
ERROR 2026-01-14 16:00:06,789 log 10820 14640 Internal Server Error: /mentorship/top-performing-mentors/
ERROR 2026-01-14 16:00:42,464 log 10820 14640 Internal Server Error: /mentorship/top-performing-mentors/
ERROR 2026-01-14 16:00:43,811 log 10820 14640 Internal Server Error: /mentorship/top-performing-mentors/
ERROR 2026-01-14 16:01:47,927 log 10820 14640 Internal Server Error: /mentorship/top-performing-mentors/
ERROR 2026-01-14 16:01:48,773 log 10820 14640 Internal Server Error: /mentorship/top-performing-mentors/
ERROR 2026-01-14 16:04:12,768 log 10820 14640 Internal Server Error: /mentorship/top-performing-mentors/
ERROR 2026-01-14 16:04:13,284 log 10820 14640 Internal Server Error: /mentorship/top-performing-mentors/
ERROR 2026-01-14 16:08:18,232 log 10820 14640 Internal Server Error: /mentorship/top-performing-mentors/
ERROR 2026-01-14 16:08:18,718 log 10820 14640 Internal Server Error: /mentorship/top-performing-mentors/
ERROR 2026-01-14 16:22:36,624 log 10820 14640 Internal Server Error: /mentorship/top-performing-mentors/
ERROR 2026-01-14 16:33:48,187 log 10820 14640 Internal Server Error: /mentorship/top-performing-mentors/
ERROR 2026-01-14 16:33:50,079 log 10820 14640 Internal Server Error: /mentorship/top-performing-mentors/
ERROR 2026-01-14 16:35:19,492 log 10820 14640 Internal Server Error: /mentorship/top-performing-mentors/
ERROR 2026-01-14 16:35:20,926 log 10820 14640 Internal Server Error: /mentorship/top-performing-mentors/
ERROR 2026-01-14 16:48:44,732 log 1408 15780 Internal Server Error: /mentorship/top-performing-mentors/
ERROR 2026-01-14 16:48:45,917 log 1408 15780 Internal Server Error: /mentorship/top-performing-mentors/
ERROR 2026-01-14 16:49:04,703 log 1408 15780 Internal Server Error: /mentorship/top-performing-mentors/
ERROR 2026-01-14 16:49:05,955 log 1408 15780 Internal Server Error: /mentorship/top-performing-mentors/
ERROR 2026-01-14 16:49:25,408 log 1408 15780 Internal Server Error: /mentorship/top-performing-mentors/
ERROR 2026-01-14 16:49:27,044 log 1408 15780 Internal Server Error: /mentorship/top-performing-mentors/
ERROR 2026-01-14 16:50:53,923 log 1408 15780 Internal Server Error: /mentorship/top-performing-mentors/
ERROR 2026-01-14 16:50:54,830 log 1408 15780 Internal Server Error: /mentorship/top-performing-mentors/
ERROR 2026-01-14 16:51:48,613 log 1408 15780 Internal Server Error: /mentorship/top-performing-mentors/
ERROR 2026-01-14 16:51:49,974 log 1408 15780 Internal Server Error: /mentorship/top-performing-mentors/
ERROR 2026-01-14 16:52:28,403 log 1408 15780 Internal Server Error: /mentorship/top-performing-mentors/
ERROR 2026-01-14 16:52:30,487 log 1408 15780 Internal Server Error: /mentorship/top-performing-mentors/
ERROR 2026-01-14 16:52:42,018 log 1408 15780 Internal Server Error: /mentorship/top-performing-mentors/
ERROR 2026-01-14 16:52:42,931 log 1408 15780 Internal Server Error: /mentorship/top-performing-mentors/
ERROR 2026-01-14 16:54:04,226 log 1408 15780 Internal Server Error: /mentorship/top-performing-mentors/
ERROR 2026-01-14 16:54:04,855 log 1408 15780 Internal Server Error: /mentorship/top-performing-mentors/
ERROR 2026-01-14 17:00:18,690 log 1408 15780 Internal Server Error: /mentorship/top-performing-mentors/
ERROR 2026-01-14 17:00:19,564 log 1408 15780 Internal Server Error: /mentorship/top-performing-mentors/
ERROR 2026-01-14 17:00:41,281 log 1408 15780 Internal Server Error: /mentorship/top-performing-mentors/
ERROR 2026-01-14 17:00:41,873 log 1408 15780 Internal Server Error: /mentorship/top-performing-mentors/
ERROR 2026-01-14 17:01:49,404 log 1408 15780 Internal Server Error: /mentorship/top-performing-mentors/
ERROR 2026-01-14 17:01:50,268 log 1408 15780 Internal Server Error: /mentorship/top-performing-mentors/
ERROR 2026-01-14 17:02:24,297 log 1408 15780 Internal Server Error: /mentorship/top-performing-mentors/
ERROR 2026-01-14 17:02:24,896 log 1408 15780 Internal Server Error: /mentorship/top-performing-mentors/
ERROR 2026-01-14 17:03:05,474 log 1408 15780 Internal Server Error: /mentorship/top-performing-mentors/
ERROR 2026-01-14 17:03:06,254 log 1408 15780 Internal Server Error: /mentorship/top-performing-mentors/
ERROR 2026-01-14 17:10:12,120 log 1408 15780 Internal Server Error: /mentorship/top-performing-mentors/
ERROR 2026-01-14 17:10:12,715 log 1408 15780 Internal Server Error: /mentorship/top-performing-mentors/
ERROR 2026-01-14 18:28:46,614 log 16104 13408 Internal Server Error: /notifications/
ERROR 2026-01-14 18:28:46,778 log 16104 7064 Internal Server Error: /notifications/
ERROR 2026-01-14 18:31:51,775 log 16104 13408 Internal Server Error: /notifications/
ERROR 2026-01-14 18:31:51,938 log 16104 7064 Internal Server Error: /notifications/
ERROR 2026-01-15 09:06:48,170 log 3380 1384 Internal Server Error: /onboarding/modules/
ERROR 2026-01-15 09:06:48,487 log 3380 1384 Internal Server Error: /onboarding/modules/
ERROR 2026-01-15 09:06:56,448 log 3380 1384 Internal Server Error: /onboarding/modules/
ERROR 2026-01-15 09:07:23,797 log 3380 1384 Internal Server Error: /onboarding/modules/
ERROR 2026-01-15 09:07:24,122 log 3380 1384 Internal Server Error: /onboarding/modules/
ERROR 2026-01-15 09:07:46,575 log 3380 1384 Internal Server Error: /mentorship/top-performing-mentors/
ERROR 2026-01-15 09:07:48,181 log 3380 1384 Internal Server Error: /mentorship/top-performing-mentors/
ERROR 2026-01-15 09:09:33,269 log 3380 1384 Internal Server Error: /mentorship/top-performing-mentors/
ERROR 2026-01-15 09:09:34,701 log 3380 1384 Internal Server Error: /mentorship/top-performing-mentors/
ERROR 2026-01-15 11:31:57,611 log 10024 10100 Internal Server Error: /report/mentee/sessions/
ERROR 2026-01-15 11:31:57,961 log 10024 3176 Internal Server Error: /report/mentee/sessions/
ERROR 2026-01-15 11:32:02,927 log 10024 2256 Internal Server Error: /report/mentee/sessions/
ERROR 2026-01-15 11:32:05,111 log 10024 12444 Internal Server Error: /report/mentee/sessions/
ERROR 2026-01-15 11:32:16,093 log 10024 10100 Internal Server Error: /report/mentee/sessions/
ERROR 2026-01-15 11:32:16,892 log 10024 3176 Internal Server Error: /report/mentee/sessions/
ERROR 2026-01-15 11:38:26,558 log 10024 2256 Internal Server Error: /report/mentee/sessions/
ERROR 2026-01-15 11:38:27,643 log 10024 12444 Internal Server Error: /report/mentee/sessions/
ERROR 2026-01-15 11:41:12,679 log 10024 10100 Internal Server Error: /report/mentee/sessions/
ERROR 2026-01-15 11:41:13,666 log 10024 3176 Internal Server Error: /report/mentee/sessions/
ERROR 2026-01-15 13:18:46,232 log 11840 5288 Internal Server Error: /mentorship/top-performing-mentors/
ERROR 2026-01-15 13:18:47,701 log 11840 5288 Internal Server Error: /mentorship/top-performing-mentors/
ERROR 2026-01-15 14:58:38,875 log 15536 8472 Internal Server Error: /report/generate/
ERROR 2026-01-15 15:11:38,590 log 15536 8472 Internal Server Error: /report/generate/
ERROR 2026-01-15 15:15:22,810 log 12452 3176 Internal Server Error: /report/export/
ERROR 2026-01-15 15:34:08,947 log 12452 3176 Internal Server Error: /report/generate/
ERROR 2026-01-15 15:34:27,354 log 12452 3176 Internal Server Error: /report/generate/
ERROR 2026-01-15 15:44:33,381 log 12452 3176 Internal Server Error: /report/generate/
ERROR 2026-01-15 16:01:44,121 log 2276 6736 Internal Server Error: /onboarding/modules/
ERROR 2026-01-15 16:01:44,542 log 2276 6736 Internal Server Error: /onboarding/modules/
ERROR 2026-01-15 16:04:10,706 log 2276 6736 Internal Server Error: /onboarding/modules/
ERROR 2026-01-15 16:04:11,242 log 2276 6736 Internal Server Error: /onboarding/modules/
ERROR 2026-01-15 16:04:22,299 log 2276 6736 Internal Server Error: /onboarding/modules/
ERROR 2026-01-15 16:04:22,910 log 2276 6736 Internal Server Error: /onboarding/modules/
ERROR 2026-01-15 16:07:00,162 log 10904 17564 Internal Server Error: /mentorship/top-performing-mentors/
ERROR 2026-01-15 16:07:01,655 log 10904 17564 Internal Server Error: /mentorship/top-performing-mentors/
ERROR 2026-01-15 16:10:51,322 log 10904 17564 Internal Server Error: /mentorship/top-performing-mentors/
ERROR 2026-01-15 16:10:52,942 log 10904 17564 Internal Server Error: /mentorship/top-performing-mentors/
ERROR 2026-01-15 16:12:28,498 log 17400 15928 Internal Server Error: /mentorship/top-performing-mentors/
ERROR 2026-01-15 16:12:30,061 log 17400 15928 Internal Server Error: /mentorship/top-performing-mentors/
ERROR 2026-01-15 16:13:26,047 log 17400 15928 Internal Server Error: /mentorship/top-performing-mentors/
ERROR 2026-01-15 16:13:27,699 log 17400 15928 Internal Server Error: /mentorship/top-performing-mentors/
ERROR 2026-01-15 16:42:06,223 log 3388 2276 Internal Server Error: /users/
Traceback (most recent call last):
  File "C:\Users\princ\AppData\Roaming\Python\Python314\site-packages\asgiref\sync.py", line 555, in thread_handler
    raise exc_info[1]
  File "C:\Users\princ\AppData\Roaming\Python\Python314\site-packages\django\core\handlers\exception.py", line 42, in inner
    response = await get_response(request)
               ^^^^^^^^^^^^^^^^^^^^^^^^^^^
  File "C:\Users\princ\AppData\Roaming\Python\Python314\site-packages\asgiref\sync.py", line 555, in thread_handler
    raise exc_info[1]
  File "C:\Users\princ\AppData\Roaming\Python\Python314\site-packages\django\core\handlers\base.py", line 254, in _get_response_async
    response = await wrapped_callback(
               ^^^^^^^^^^^^^^^^^^^^^^^
        request, *callback_args, **callback_kwargs
        ^^^^^^^^^^^^^^^^^^^^^^^^^^^^^^^^^^^^^^^^^^
    )
    ^
  File "C:\Users\princ\AppData\Roaming\Python\Python314\site-packages\asgiref\sync.py", line 504, in __call__
    ret = await asyncio.shield(exec_coro)
          ^^^^^^^^^^^^^^^^^^^^^^^^^^^^^^^
  File "C:\Python314\Lib\concurrent\futures\thread.py", line 86, in run
    result = ctx.run(self.task)
  File "C:\Python314\Lib\concurrent\futures\thread.py", line 73, in run
    return fn(*args, **kwargs)
  File "C:\Users\princ\AppData\Roaming\Python\Python314\site-packages\asgiref\sync.py", line 559, in thread_handler
    return func(*args, **kwargs)
  File "C:\Users\princ\AppData\Roaming\Python\Python314\site-packages\django\views\decorators\csrf.py", line 65, in _view_wrapper
    return view_func(request, *args, **kwargs)
  File "C:\Users\princ\AppData\Roaming\Python\Python314\site-packages\django\views\generic\base.py", line 106, in view
    return self.dispatch(request, *args, **kwargs)
           ~~~~~~~~~~~~~^^^^^^^^^^^^^^^^^^^^^^^^^^
  File "C:\Users\princ\AppData\Roaming\Python\Python314\site-packages\rest_framework\views.py", line 517, in dispatch
    self.response = self.finalize_response(request, response, *args, **kwargs)
                    ~~~~~~~~~~~~~~~~~~~~~~^^^^^^^^^^^^^^^^^^^^^^^^^^^^^^^^^^^^
  File "C:\Users\princ\AppData\Roaming\Python\Python314\site-packages\rest_framework\views.py", line 429, in finalize_response
    assert isinstance(response, HttpResponseBase), (
           ~~~~~~~~~~^^^^^^^^^^^^^^^^^^^^^^^^^^^^
AssertionError: Expected a `Response`, `HttpResponse` or `StreamingHttpResponse` to be returned from the view, but received a `<class 'NoneType'>`
ERROR 2026-01-15 16:44:21,949 log 3388 2276 Internal Server Error: /users/
Traceback (most recent call last):
  File "C:\Users\princ\AppData\Roaming\Python\Python314\site-packages\asgiref\sync.py", line 555, in thread_handler
    raise exc_info[1]
  File "C:\Users\princ\AppData\Roaming\Python\Python314\site-packages\django\core\handlers\exception.py", line 42, in inner
    response = await get_response(request)
               ^^^^^^^^^^^^^^^^^^^^^^^^^^^
  File "C:\Users\princ\AppData\Roaming\Python\Python314\site-packages\asgiref\sync.py", line 555, in thread_handler
    raise exc_info[1]
  File "C:\Users\princ\AppData\Roaming\Python\Python314\site-packages\django\core\handlers\base.py", line 254, in _get_response_async
    response = await wrapped_callback(
               ^^^^^^^^^^^^^^^^^^^^^^^
        request, *callback_args, **callback_kwargs
        ^^^^^^^^^^^^^^^^^^^^^^^^^^^^^^^^^^^^^^^^^^
    )
    ^
  File "C:\Users\princ\AppData\Roaming\Python\Python314\site-packages\asgiref\sync.py", line 504, in __call__
    ret = await asyncio.shield(exec_coro)
          ^^^^^^^^^^^^^^^^^^^^^^^^^^^^^^^
  File "C:\Python314\Lib\concurrent\futures\thread.py", line 86, in run
    result = ctx.run(self.task)
  File "C:\Python314\Lib\concurrent\futures\thread.py", line 73, in run
    return fn(*args, **kwargs)
  File "C:\Users\princ\AppData\Roaming\Python\Python314\site-packages\asgiref\sync.py", line 559, in thread_handler
    return func(*args, **kwargs)
  File "C:\Users\princ\AppData\Roaming\Python\Python314\site-packages\django\views\decorators\csrf.py", line 65, in _view_wrapper
    return view_func(request, *args, **kwargs)
  File "C:\Users\princ\AppData\Roaming\Python\Python314\site-packages\django\views\generic\base.py", line 106, in view
    return self.dispatch(request, *args, **kwargs)
           ~~~~~~~~~~~~~^^^^^^^^^^^^^^^^^^^^^^^^^^
  File "C:\Users\princ\AppData\Roaming\Python\Python314\site-packages\rest_framework\views.py", line 517, in dispatch
    self.response = self.finalize_response(request, response, *args, **kwargs)
                    ~~~~~~~~~~~~~~~~~~~~~~^^^^^^^^^^^^^^^^^^^^^^^^^^^^^^^^^^^^
  File "C:\Users\princ\AppData\Roaming\Python\Python314\site-packages\rest_framework\views.py", line 429, in finalize_response
    assert isinstance(response, HttpResponseBase), (
           ~~~~~~~~~~^^^^^^^^^^^^^^^^^^^^^^^^^^^^
AssertionError: Expected a `Response`, `HttpResponse` or `StreamingHttpResponse` to be returned from the view, but received a `<class 'NoneType'>`
ERROR 2026-01-15 16:45:41,587 log 3388 2276 Internal Server Error: /users/
Traceback (most recent call last):
  File "C:\Users\princ\AppData\Roaming\Python\Python314\site-packages\asgiref\sync.py", line 555, in thread_handler
    raise exc_info[1]
  File "C:\Users\princ\AppData\Roaming\Python\Python314\site-packages\django\core\handlers\exception.py", line 42, in inner
    response = await get_response(request)
               ^^^^^^^^^^^^^^^^^^^^^^^^^^^
  File "C:\Users\princ\AppData\Roaming\Python\Python314\site-packages\asgiref\sync.py", line 555, in thread_handler
    raise exc_info[1]
  File "C:\Users\princ\AppData\Roaming\Python\Python314\site-packages\django\core\handlers\base.py", line 254, in _get_response_async
    response = await wrapped_callback(
               ^^^^^^^^^^^^^^^^^^^^^^^
        request, *callback_args, **callback_kwargs
        ^^^^^^^^^^^^^^^^^^^^^^^^^^^^^^^^^^^^^^^^^^
    )
    ^
  File "C:\Users\princ\AppData\Roaming\Python\Python314\site-packages\asgiref\sync.py", line 504, in __call__
    ret = await asyncio.shield(exec_coro)
          ^^^^^^^^^^^^^^^^^^^^^^^^^^^^^^^
  File "C:\Python314\Lib\concurrent\futures\thread.py", line 86, in run
    result = ctx.run(self.task)
  File "C:\Python314\Lib\concurrent\futures\thread.py", line 73, in run
    return fn(*args, **kwargs)
  File "C:\Users\princ\AppData\Roaming\Python\Python314\site-packages\asgiref\sync.py", line 559, in thread_handler
    return func(*args, **kwargs)
  File "C:\Users\princ\AppData\Roaming\Python\Python314\site-packages\django\views\decorators\csrf.py", line 65, in _view_wrapper
    return view_func(request, *args, **kwargs)
  File "C:\Users\princ\AppData\Roaming\Python\Python314\site-packages\django\views\generic\base.py", line 106, in view
    return self.dispatch(request, *args, **kwargs)
           ~~~~~~~~~~~~~^^^^^^^^^^^^^^^^^^^^^^^^^^
  File "C:\Users\princ\AppData\Roaming\Python\Python314\site-packages\rest_framework\views.py", line 517, in dispatch
    self.response = self.finalize_response(request, response, *args, **kwargs)
                    ~~~~~~~~~~~~~~~~~~~~~~^^^^^^^^^^^^^^^^^^^^^^^^^^^^^^^^^^^^
  File "C:\Users\princ\AppData\Roaming\Python\Python314\site-packages\rest_framework\views.py", line 429, in finalize_response
    assert isinstance(response, HttpResponseBase), (
           ~~~~~~~~~~^^^^^^^^^^^^^^^^^^^^^^^^^^^^
AssertionError: Expected a `Response`, `HttpResponse` or `StreamingHttpResponse` to be returned from the view, but received a `<class 'NoneType'>`
ERROR 2026-01-15 16:53:31,554 log 13940 3140 Internal Server Error: /auth/register/
ERROR 2026-01-15 17:06:26,231 log 17588 5980 Internal Server Error: /auth/register/
ERROR 2026-01-15 17:10:12,369 log 17588 5980 Internal Server Error: /auth/register/
ERROR 2026-01-16 10:08:05,588 log 12332 4340 Internal Server Error: /chats/3/mark-read/
ERROR 2026-01-16 10:08:33,556 log 12332 220 Internal Server Error: /chats/3/mark-read/
ERROR 2026-01-16 10:09:35,647 log 12332 220 Internal Server Error: /chats/3/mark-read/
ERROR 2026-01-16 10:10:24,825 log 12332 16924 Internal Server Error: /chats/3/mark-read/
ERROR 2026-01-16 10:10:45,233 log 12332 13868 Internal Server Error: /chats/3/mark-read/
ERROR 2026-01-16 10:10:54,762 log 12332 2028 Internal Server Error: /chats/5/mark-read/
ERROR 2026-01-16 10:10:55,750 log 12332 16924 Internal Server Error: /chats/3/mark-read/
ERROR 2026-01-16 10:11:13,844 log 12332 2028 Internal Server Error: /chats/3/mark-read/
ERROR 2026-01-16 10:11:41,717 log 12332 220 Internal Server Error: /chats/3/mark-read/
ERROR 2026-01-16 10:12:28,060 log 12332 16924 Internal Server Error: /chats/3/mark-read/
ERROR 2026-01-16 10:12:35,202 log 12332 220 Internal Server Error: /chats/5/mark-read/
ERROR 2026-01-16 10:12:45,924 log 12332 4340 Internal Server Error: /chats/3/mark-read/
ERROR 2026-01-16 10:13:01,427 log 12332 16924 Internal Server Error: /chats/typing/update/
ERROR 2026-01-16 10:13:37,988 log 12332 220 Internal Server Error: /chats/3/mark-read/
ERROR 2026-01-16 10:13:54,958 log 12332 2028 Internal Server Error: /chats/3/mark-read/
ERROR 2026-01-16 10:13:57,286 log 12332 13868 Internal Server Error: /chats/5/mark-read/
ERROR 2026-01-16 10:14:47,179 log 12332 220 Internal Server Error: /chats/3/mark-read/
ERROR 2026-01-16 10:14:54,165 log 12332 2028 Internal Server Error: /chats/3/mark-read/
ERROR 2026-01-18 11:37:07,415 log 14172 7488 Internal Server Error: /assistance/chat/assist_42a51795/continue/
Traceback (most recent call last):
  File "C:\Users\princ\AppData\Roaming\Python\Python314\site-packages\asgiref\sync.py", line 555, in thread_handler
    raise exc_info[1]
  File "C:\Users\princ\AppData\Roaming\Python\Python314\site-packages\django\core\handlers\exception.py", line 42, in inner
    response = await get_response(request)
               ^^^^^^^^^^^^^^^^^^^^^^^^^^^
  File "C:\Users\princ\AppData\Roaming\Python\Python314\site-packages\asgiref\sync.py", line 555, in thread_handler
    raise exc_info[1]
  File "C:\Users\princ\AppData\Roaming\Python\Python314\site-packages\django\core\handlers\base.py", line 254, in _get_response_async
    response = await wrapped_callback(
               ^^^^^^^^^^^^^^^^^^^^^^^
        request, *callback_args, **callback_kwargs
        ^^^^^^^^^^^^^^^^^^^^^^^^^^^^^^^^^^^^^^^^^^
    )
    ^
  File "C:\Users\princ\AppData\Roaming\Python\Python314\site-packages\asgiref\sync.py", line 504, in __call__
    ret = await asyncio.shield(exec_coro)
          ^^^^^^^^^^^^^^^^^^^^^^^^^^^^^^^
  File "C:\Python314\Lib\concurrent\futures\thread.py", line 86, in run
    result = ctx.run(self.task)
  File "C:\Python314\Lib\concurrent\futures\thread.py", line 73, in run
    return fn(*args, **kwargs)
  File "C:\Users\princ\AppData\Roaming\Python\Python314\site-packages\asgiref\sync.py", line 559, in thread_handler
    return func(*args, **kwargs)
  File "C:\Users\princ\AppData\Roaming\Python\Python314\site-packages\django\views\decorators\csrf.py", line 65, in _view_wrapper
    return view_func(request, *args, **kwargs)
  File "C:\Users\princ\AppData\Roaming\Python\Python314\site-packages\django\views\generic\base.py", line 106, in view
    return self.dispatch(request, *args, **kwargs)
           ~~~~~~~~~~~~~^^^^^^^^^^^^^^^^^^^^^^^^^^
  File "C:\Users\princ\AppData\Roaming\Python\Python314\site-packages\rest_framework\views.py", line 515, in dispatch
    response = self.handle_exception(exc)
  File "C:\Users\princ\AppData\Roaming\Python\Python314\site-packages\rest_framework\views.py", line 475, in handle_exception
    self.raise_uncaught_exception(exc)
    ~~~~~~~~~~~~~~~~~~~~~~~~~~~~~^^^^^
  File "C:\Users\princ\AppData\Roaming\Python\Python314\site-packages\rest_framework\views.py", line 486, in raise_uncaught_exception
    raise exc
  File "C:\Users\princ\AppData\Roaming\Python\Python314\site-packages\rest_framework\views.py", line 512, in dispatch
    response = handler(request, *args, **kwargs)
  File "C:\Users\princ\AppData\Roaming\Python\Python314\site-packages\rest_framework\decorators.py", line 50, in handler
    return func(*args, **kwargs)
TypeError: continue_chat_session() got an unexpected keyword argument 'session_id'
ERROR 2026-02-01 06:39:25,699 log 16516 3784 Internal Server Error: /users/
ERROR 2026-02-02 05:52:50,283 log 10960 11528 Internal Server Error: /auth/verify-token/
Traceback (most recent call last):
  File "D:\DJANGO\FINAL YEAR PROJECTS\Josua\backend\.venv\Lib\site-packages\django_redis\cache.py", line 29, in _decorator
    return method(self, *args, **kwargs)
           ^^^^^^^^^^^^^^^^^^^^^^^^^^^^^
  File "D:\DJANGO\FINAL YEAR PROJECTS\Josua\backend\.venv\Lib\site-packages\django_redis\cache.py", line 99, in _get
    return self.client.get(key, default=default, version=version, client=client)
           ^^^^^^^^^^^^^^^^^^^^^^^^^^^^^^^^^^^^^^^^^^^^^^^^^^^^^^^^^^^^^^^^^^^^^
  File "D:\DJANGO\FINAL YEAR PROJECTS\Josua\backend\.venv\Lib\site-packages\django_redis\client\default.py", line 300, in get
    raise ConnectionInterrupted(connection=client) from e
django_redis.exceptions.ConnectionInterrupted: Redis ConnectionError: Error 10061 connecting to 127.0.0.1:6379. No connection could be made because the target machine actively refused it.

During handling of the above exception, another exception occurred:

Traceback (most recent call last):
  File "D:\DJANGO\FINAL YEAR PROJECTS\Josua\backend\.venv\Lib\site-packages\django\core\handlers\exception.py", line 55, in inner
    response = get_response(request)
               ^^^^^^^^^^^^^^^^^^^^^
  File "D:\DJANGO\FINAL YEAR PROJECTS\Josua\backend\.venv\Lib\site-packages\django\core\handlers\base.py", line 197, in _get_response
    response = wrapped_callback(request, *callback_args, **callback_kwargs)
               ^^^^^^^^^^^^^^^^^^^^^^^^^^^^^^^^^^^^^^^^^^^^^^^^^^^^^^^^^^^^
  File "D:\DJANGO\FINAL YEAR PROJECTS\Josua\backend\.venv\Lib\site-packages\django\views\decorators\csrf.py", line 65, in _view_wrapper
    return view_func(request, *args, **kwargs)
           ^^^^^^^^^^^^^^^^^^^^^^^^^^^^^^^^^^^
  File "D:\DJANGO\FINAL YEAR PROJECTS\Josua\backend\.venv\Lib\site-packages\django\views\generic\base.py", line 105, in view
    return self.dispatch(request, *args, **kwargs)
           ^^^^^^^^^^^^^^^^^^^^^^^^^^^^^^^^^^^^^^^
  File "D:\DJANGO\FINAL YEAR PROJECTS\Josua\backend\.venv\Lib\site-packages\rest_framework\views.py", line 515, in dispatch
    response = self.handle_exception(exc)
               ^^^^^^^^^^^^^^^^^^^^^^^^^^
  File "D:\DJANGO\FINAL YEAR PROJECTS\Josua\backend\.venv\Lib\site-packages\rest_framework\views.py", line 475, in handle_exception
    self.raise_uncaught_exception(exc)
  File "D:\DJANGO\FINAL YEAR PROJECTS\Josua\backend\.venv\Lib\site-packages\rest_framework\views.py", line 486, in raise_uncaught_exception
    raise exc
  File "D:\DJANGO\FINAL YEAR PROJECTS\Josua\backend\.venv\Lib\site-packages\rest_framework\views.py", line 503, in dispatch
    self.initial(request, *args, **kwargs)
  File "D:\DJANGO\FINAL YEAR PROJECTS\Josua\backend\.venv\Lib\site-packages\rest_framework\views.py", line 422, in initial
    self.check_throttles(request)
  File "D:\DJANGO\FINAL YEAR PROJECTS\Josua\backend\.venv\Lib\site-packages\rest_framework\views.py", line 365, in check_throttles
    if not throttle.allow_request(request, self):
           ^^^^^^^^^^^^^^^^^^^^^^^^^^^^^^^^^^^^^
  File "D:\DJANGO\FINAL YEAR PROJECTS\Josua\backend\.venv\Lib\site-packages\rest_framework\throttling.py", line 123, in allow_request
    self.history = self.cache.get(self.key, [])
                   ^^^^^^^^^^^^^^^^^^^^^^^^^^^^
  File "D:\DJANGO\FINAL YEAR PROJECTS\Josua\backend\.venv\Lib\site-packages\django_redis\cache.py", line 92, in get
    value = self._get(key, default, version, client)
            ^^^^^^^^^^^^^^^^^^^^^^^^^^^^^^^^^^^^^^^^
  File "D:\DJANGO\FINAL YEAR PROJECTS\Josua\backend\.venv\Lib\site-packages\django_redis\cache.py", line 36, in _decorator
    raise e.__cause__  # noqa: B904
    ^^^^^^^^^^^^^^^^^
  File "D:\DJANGO\FINAL YEAR PROJECTS\Josua\backend\.venv\Lib\site-packages\django_redis\client\default.py", line 298, in get
    value = client.get(key)
            ^^^^^^^^^^^^^^^
  File "D:\DJANGO\FINAL YEAR PROJECTS\Josua\backend\.venv\Lib\site-packages\redis\commands\core.py", line 1829, in get
    return self.execute_command("GET", name, keys=[name])
           ^^^^^^^^^^^^^^^^^^^^^^^^^^^^^^^^^^^^^^^^^^^^^^
  File "D:\DJANGO\FINAL YEAR PROJECTS\Josua\backend\.venv\Lib\site-packages\redis\client.py", line 621, in execute_command
    return self._execute_command(*args, **options)
           ^^^^^^^^^^^^^^^^^^^^^^^^^^^^^^^^^^^^^^^
  File "D:\DJANGO\FINAL YEAR PROJECTS\Josua\backend\.venv\Lib\site-packages\redis\client.py", line 627, in _execute_command
    conn = self.connection or pool.get_connection()
                              ^^^^^^^^^^^^^^^^^^^^^
  File "D:\DJANGO\FINAL YEAR PROJECTS\Josua\backend\.venv\Lib\site-packages\redis\utils.py", line 195, in wrapper
    return func(*args, **kwargs)
           ^^^^^^^^^^^^^^^^^^^^^
  File "D:\DJANGO\FINAL YEAR PROJECTS\Josua\backend\.venv\Lib\site-packages\redis\connection.py", line 1533, in get_connection
    connection.connect()
  File "D:\DJANGO\FINAL YEAR PROJECTS\Josua\backend\.venv\Lib\site-packages\redis\connection.py", line 380, in connect
    self.connect_check_health(check_health=True)
  File "D:\DJANGO\FINAL YEAR PROJECTS\Josua\backend\.venv\Lib\site-packages\redis\connection.py", line 397, in connect_check_health
    raise ConnectionError(self._error_message(e))
redis.exceptions.ConnectionError: Error 10061 connecting to 127.0.0.1:6379. No connection could be made because the target machine actively refused it.
ERROR 2026-02-02 05:52:52,541 log 10960 12072 Internal Server Error: /auth/verify-token/
Traceback (most recent call last):
  File "D:\DJANGO\FINAL YEAR PROJECTS\Josua\backend\.venv\Lib\site-packages\django_redis\cache.py", line 29, in _decorator
    return method(self, *args, **kwargs)
           ^^^^^^^^^^^^^^^^^^^^^^^^^^^^^
  File "D:\DJANGO\FINAL YEAR PROJECTS\Josua\backend\.venv\Lib\site-packages\django_redis\cache.py", line 99, in _get
    return self.client.get(key, default=default, version=version, client=client)
           ^^^^^^^^^^^^^^^^^^^^^^^^^^^^^^^^^^^^^^^^^^^^^^^^^^^^^^^^^^^^^^^^^^^^^
  File "D:\DJANGO\FINAL YEAR PROJECTS\Josua\backend\.venv\Lib\site-packages\django_redis\client\default.py", line 300, in get
    raise ConnectionInterrupted(connection=client) from e
django_redis.exceptions.ConnectionInterrupted: Redis ConnectionError: Error 10061 connecting to 127.0.0.1:6379. No connection could be made because the target machine actively refused it.

During handling of the above exception, another exception occurred:

Traceback (most recent call last):
  File "D:\DJANGO\FINAL YEAR PROJECTS\Josua\backend\.venv\Lib\site-packages\django\core\handlers\exception.py", line 55, in inner
    response = get_response(request)
               ^^^^^^^^^^^^^^^^^^^^^
  File "D:\DJANGO\FINAL YEAR PROJECTS\Josua\backend\.venv\Lib\site-packages\django\core\handlers\base.py", line 197, in _get_response
    response = wrapped_callback(request, *callback_args, **callback_kwargs)
               ^^^^^^^^^^^^^^^^^^^^^^^^^^^^^^^^^^^^^^^^^^^^^^^^^^^^^^^^^^^^
  File "D:\DJANGO\FINAL YEAR PROJECTS\Josua\backend\.venv\Lib\site-packages\django\views\decorators\csrf.py", line 65, in _view_wrapper
    return view_func(request, *args, **kwargs)
           ^^^^^^^^^^^^^^^^^^^^^^^^^^^^^^^^^^^
  File "D:\DJANGO\FINAL YEAR PROJECTS\Josua\backend\.venv\Lib\site-packages\django\views\generic\base.py", line 105, in view
    return self.dispatch(request, *args, **kwargs)
           ^^^^^^^^^^^^^^^^^^^^^^^^^^^^^^^^^^^^^^^
  File "D:\DJANGO\FINAL YEAR PROJECTS\Josua\backend\.venv\Lib\site-packages\rest_framework\views.py", line 515, in dispatch
    response = self.handle_exception(exc)
               ^^^^^^^^^^^^^^^^^^^^^^^^^^
  File "D:\DJANGO\FINAL YEAR PROJECTS\Josua\backend\.venv\Lib\site-packages\rest_framework\views.py", line 475, in handle_exception
    self.raise_uncaught_exception(exc)
  File "D:\DJANGO\FINAL YEAR PROJECTS\Josua\backend\.venv\Lib\site-packages\rest_framework\views.py", line 486, in raise_uncaught_exception
    raise exc
  File "D:\DJANGO\FINAL YEAR PROJECTS\Josua\backend\.venv\Lib\site-packages\rest_framework\views.py", line 503, in dispatch
    self.initial(request, *args, **kwargs)
  File "D:\DJANGO\FINAL YEAR PROJECTS\Josua\backend\.venv\Lib\site-packages\rest_framework\views.py", line 422, in initial
    self.check_throttles(request)
  File "D:\DJANGO\FINAL YEAR PROJECTS\Josua\backend\.venv\Lib\site-packages\rest_framework\views.py", line 365, in check_throttles
    if not throttle.allow_request(request, self):
           ^^^^^^^^^^^^^^^^^^^^^^^^^^^^^^^^^^^^^
  File "D:\DJANGO\FINAL YEAR PROJECTS\Josua\backend\.venv\Lib\site-packages\rest_framework\throttling.py", line 123, in allow_request
    self.history = self.cache.get(self.key, [])
                   ^^^^^^^^^^^^^^^^^^^^^^^^^^^^
  File "D:\DJANGO\FINAL YEAR PROJECTS\Josua\backend\.venv\Lib\site-packages\django_redis\cache.py", line 92, in get
    value = self._get(key, default, version, client)
            ^^^^^^^^^^^^^^^^^^^^^^^^^^^^^^^^^^^^^^^^
  File "D:\DJANGO\FINAL YEAR PROJECTS\Josua\backend\.venv\Lib\site-packages\django_redis\cache.py", line 36, in _decorator
    raise e.__cause__  # noqa: B904
    ^^^^^^^^^^^^^^^^^
  File "D:\DJANGO\FINAL YEAR PROJECTS\Josua\backend\.venv\Lib\site-packages\django_redis\client\default.py", line 298, in get
    value = client.get(key)
            ^^^^^^^^^^^^^^^
  File "D:\DJANGO\FINAL YEAR PROJECTS\Josua\backend\.venv\Lib\site-packages\redis\commands\core.py", line 1829, in get
    return self.execute_command("GET", name, keys=[name])
           ^^^^^^^^^^^^^^^^^^^^^^^^^^^^^^^^^^^^^^^^^^^^^^
  File "D:\DJANGO\FINAL YEAR PROJECTS\Josua\backend\.venv\Lib\site-packages\redis\client.py", line 621, in execute_command
    return self._execute_command(*args, **options)
           ^^^^^^^^^^^^^^^^^^^^^^^^^^^^^^^^^^^^^^^
  File "D:\DJANGO\FINAL YEAR PROJECTS\Josua\backend\.venv\Lib\site-packages\redis\client.py", line 627, in _execute_command
    conn = self.connection or pool.get_connection()
                              ^^^^^^^^^^^^^^^^^^^^^
  File "D:\DJANGO\FINAL YEAR PROJECTS\Josua\backend\.venv\Lib\site-packages\redis\utils.py", line 195, in wrapper
    return func(*args, **kwargs)
           ^^^^^^^^^^^^^^^^^^^^^
  File "D:\DJANGO\FINAL YEAR PROJECTS\Josua\backend\.venv\Lib\site-packages\redis\connection.py", line 1533, in get_connection
    connection.connect()
  File "D:\DJANGO\FINAL YEAR PROJECTS\Josua\backend\.venv\Lib\site-packages\redis\connection.py", line 380, in connect
    self.connect_check_health(check_health=True)
  File "D:\DJANGO\FINAL YEAR PROJECTS\Josua\backend\.venv\Lib\site-packages\redis\connection.py", line 397, in connect_check_health
    raise ConnectionError(self._error_message(e))
redis.exceptions.ConnectionError: Error 10061 connecting to 127.0.0.1:6379. No connection could be made because the target machine actively refused it.
ERROR 2026-02-02 05:53:28,552 log 10960 12072 Internal Server Error: /auth/login-with-otp/request/
Traceback (most recent call last):
  File "D:\DJANGO\FINAL YEAR PROJECTS\Josua\backend\.venv\Lib\site-packages\django_redis\cache.py", line 29, in _decorator
    return method(self, *args, **kwargs)
           ^^^^^^^^^^^^^^^^^^^^^^^^^^^^^
  File "D:\DJANGO\FINAL YEAR PROJECTS\Josua\backend\.venv\Lib\site-packages\django_redis\cache.py", line 99, in _get
    return self.client.get(key, default=default, version=version, client=client)
           ^^^^^^^^^^^^^^^^^^^^^^^^^^^^^^^^^^^^^^^^^^^^^^^^^^^^^^^^^^^^^^^^^^^^^
  File "D:\DJANGO\FINAL YEAR PROJECTS\Josua\backend\.venv\Lib\site-packages\django_redis\client\default.py", line 300, in get
    raise ConnectionInterrupted(connection=client) from e
django_redis.exceptions.ConnectionInterrupted: Redis ConnectionError: Error 10061 connecting to 127.0.0.1:6379. No connection could be made because the target machine actively refused it.

During handling of the above exception, another exception occurred:

Traceback (most recent call last):
  File "D:\DJANGO\FINAL YEAR PROJECTS\Josua\backend\.venv\Lib\site-packages\django\core\handlers\exception.py", line 55, in inner
    response = get_response(request)
               ^^^^^^^^^^^^^^^^^^^^^
  File "D:\DJANGO\FINAL YEAR PROJECTS\Josua\backend\.venv\Lib\site-packages\django\core\handlers\base.py", line 197, in _get_response
    response = wrapped_callback(request, *callback_args, **callback_kwargs)
               ^^^^^^^^^^^^^^^^^^^^^^^^^^^^^^^^^^^^^^^^^^^^^^^^^^^^^^^^^^^^
  File "D:\DJANGO\FINAL YEAR PROJECTS\Josua\backend\.venv\Lib\site-packages\django\views\decorators\csrf.py", line 65, in _view_wrapper
    return view_func(request, *args, **kwargs)
           ^^^^^^^^^^^^^^^^^^^^^^^^^^^^^^^^^^^
  File "D:\DJANGO\FINAL YEAR PROJECTS\Josua\backend\.venv\Lib\site-packages\django\views\generic\base.py", line 105, in view
    return self.dispatch(request, *args, **kwargs)
           ^^^^^^^^^^^^^^^^^^^^^^^^^^^^^^^^^^^^^^^
  File "D:\DJANGO\FINAL YEAR PROJECTS\Josua\backend\.venv\Lib\site-packages\rest_framework\views.py", line 515, in dispatch
    response = self.handle_exception(exc)
               ^^^^^^^^^^^^^^^^^^^^^^^^^^
  File "D:\DJANGO\FINAL YEAR PROJECTS\Josua\backend\.venv\Lib\site-packages\rest_framework\views.py", line 475, in handle_exception
    self.raise_uncaught_exception(exc)
  File "D:\DJANGO\FINAL YEAR PROJECTS\Josua\backend\.venv\Lib\site-packages\rest_framework\views.py", line 486, in raise_uncaught_exception
    raise exc
  File "D:\DJANGO\FINAL YEAR PROJECTS\Josua\backend\.venv\Lib\site-packages\rest_framework\views.py", line 503, in dispatch
    self.initial(request, *args, **kwargs)
  File "D:\DJANGO\FINAL YEAR PROJECTS\Josua\backend\.venv\Lib\site-packages\rest_framework\views.py", line 422, in initial
    self.check_throttles(request)
  File "D:\DJANGO\FINAL YEAR PROJECTS\Josua\backend\.venv\Lib\site-packages\rest_framework\views.py", line 365, in check_throttles
    if not throttle.allow_request(request, self):
           ^^^^^^^^^^^^^^^^^^^^^^^^^^^^^^^^^^^^^
  File "D:\DJANGO\FINAL YEAR PROJECTS\Josua\backend\.venv\Lib\site-packages\rest_framework\throttling.py", line 123, in allow_request
    self.history = self.cache.get(self.key, [])
                   ^^^^^^^^^^^^^^^^^^^^^^^^^^^^
  File "D:\DJANGO\FINAL YEAR PROJECTS\Josua\backend\.venv\Lib\site-packages\django_redis\cache.py", line 92, in get
    value = self._get(key, default, version, client)
            ^^^^^^^^^^^^^^^^^^^^^^^^^^^^^^^^^^^^^^^^
  File "D:\DJANGO\FINAL YEAR PROJECTS\Josua\backend\.venv\Lib\site-packages\django_redis\cache.py", line 36, in _decorator
    raise e.__cause__  # noqa: B904
    ^^^^^^^^^^^^^^^^^
  File "D:\DJANGO\FINAL YEAR PROJECTS\Josua\backend\.venv\Lib\site-packages\django_redis\client\default.py", line 298, in get
    value = client.get(key)
            ^^^^^^^^^^^^^^^
  File "D:\DJANGO\FINAL YEAR PROJECTS\Josua\backend\.venv\Lib\site-packages\redis\commands\core.py", line 1829, in get
    return self.execute_command("GET", name, keys=[name])
           ^^^^^^^^^^^^^^^^^^^^^^^^^^^^^^^^^^^^^^^^^^^^^^
  File "D:\DJANGO\FINAL YEAR PROJECTS\Josua\backend\.venv\Lib\site-packages\redis\client.py", line 621, in execute_command
    return self._execute_command(*args, **options)
           ^^^^^^^^^^^^^^^^^^^^^^^^^^^^^^^^^^^^^^^
  File "D:\DJANGO\FINAL YEAR PROJECTS\Josua\backend\.venv\Lib\site-packages\redis\client.py", line 627, in _execute_command
    conn = self.connection or pool.get_connection()
                              ^^^^^^^^^^^^^^^^^^^^^
  File "D:\DJANGO\FINAL YEAR PROJECTS\Josua\backend\.venv\Lib\site-packages\redis\utils.py", line 195, in wrapper
    return func(*args, **kwargs)
           ^^^^^^^^^^^^^^^^^^^^^
  File "D:\DJANGO\FINAL YEAR PROJECTS\Josua\backend\.venv\Lib\site-packages\redis\connection.py", line 1533, in get_connection
    connection.connect()
  File "D:\DJANGO\FINAL YEAR PROJECTS\Josua\backend\.venv\Lib\site-packages\redis\connection.py", line 380, in connect
    self.connect_check_health(check_health=True)
  File "D:\DJANGO\FINAL YEAR PROJECTS\Josua\backend\.venv\Lib\site-packages\redis\connection.py", line 397, in connect_check_health
    raise ConnectionError(self._error_message(e))
redis.exceptions.ConnectionError: Error 10061 connecting to 127.0.0.1:6379. No connection could be made because the target machine actively refused it.
ERROR 2026-02-02 07:02:09,136 log 13972 3028 Internal Server Error: /auth/login-with-otp/request/
Traceback (most recent call last):
  File "D:\DJANGO\FINAL YEAR PROJECTS\Josua\backend\.venv\Lib\site-packages\django\core\handlers\exception.py", line 55, in inner
    response = get_response(request)
               ^^^^^^^^^^^^^^^^^^^^^
  File "D:\DJANGO\FINAL YEAR PROJECTS\Josua\backend\.venv\Lib\site-packages\django\core\handlers\base.py", line 197, in _get_response
    response = wrapped_callback(request, *callback_args, **callback_kwargs)
               ^^^^^^^^^^^^^^^^^^^^^^^^^^^^^^^^^^^^^^^^^^^^^^^^^^^^^^^^^^^^
  File "D:\DJANGO\FINAL YEAR PROJECTS\Josua\backend\.venv\Lib\site-packages\django\views\decorators\csrf.py", line 65, in _view_wrapper
    return view_func(request, *args, **kwargs)
           ^^^^^^^^^^^^^^^^^^^^^^^^^^^^^^^^^^^
  File "D:\DJANGO\FINAL YEAR PROJECTS\Josua\backend\.venv\Lib\site-packages\django\views\generic\base.py", line 105, in view
    return self.dispatch(request, *args, **kwargs)
           ^^^^^^^^^^^^^^^^^^^^^^^^^^^^^^^^^^^^^^^
  File "D:\DJANGO\FINAL YEAR PROJECTS\Josua\backend\.venv\Lib\site-packages\rest_framework\views.py", line 515, in dispatch
    response = self.handle_exception(exc)
               ^^^^^^^^^^^^^^^^^^^^^^^^^^
  File "D:\DJANGO\FINAL YEAR PROJECTS\Josua\backend\.venv\Lib\site-packages\rest_framework\views.py", line 475, in handle_exception
    self.raise_uncaught_exception(exc)
  File "D:\DJANGO\FINAL YEAR PROJECTS\Josua\backend\.venv\Lib\site-packages\rest_framework\views.py", line 486, in raise_uncaught_exception
    raise exc
  File "D:\DJANGO\FINAL YEAR PROJECTS\Josua\backend\.venv\Lib\site-packages\rest_framework\views.py", line 512, in dispatch
    response = handler(request, *args, **kwargs)
               ^^^^^^^^^^^^^^^^^^^^^^^^^^^^^^^^^
  File "D:\DJANGO\FINAL YEAR PROJECTS\Josua\backend\.venv\Lib\site-packages\rest_framework\decorators.py", line 50, in handler
    return func(*args, **kwargs)
           ^^^^^^^^^^^^^^^^^^^^^
  File "D:\DJANGO\FINAL YEAR PROJECTS\Josua\backend\userApp\views.py", line 400, in login_with_otp_request
    start_time = time.time()
                 ^^^^^^^^^
AttributeError: 'builtin_function_or_method' object has no attribute 'time'
ERROR 2026-02-02 07:02:43,474 log 11736 12920 Internal Server Error: /auth/login-with-otp/request/
Traceback (most recent call last):
  File "D:\DJANGO\FINAL YEAR PROJECTS\Josua\backend\.venv\Lib\site-packages\django\core\handlers\exception.py", line 55, in inner
    response = get_response(request)
               ^^^^^^^^^^^^^^^^^^^^^
  File "D:\DJANGO\FINAL YEAR PROJECTS\Josua\backend\.venv\Lib\site-packages\django\core\handlers\base.py", line 197, in _get_response
    response = wrapped_callback(request, *callback_args, **callback_kwargs)
               ^^^^^^^^^^^^^^^^^^^^^^^^^^^^^^^^^^^^^^^^^^^^^^^^^^^^^^^^^^^^
  File "D:\DJANGO\FINAL YEAR PROJECTS\Josua\backend\.venv\Lib\site-packages\django\views\decorators\csrf.py", line 65, in _view_wrapper
    return view_func(request, *args, **kwargs)
           ^^^^^^^^^^^^^^^^^^^^^^^^^^^^^^^^^^^
  File "D:\DJANGO\FINAL YEAR PROJECTS\Josua\backend\.venv\Lib\site-packages\django\views\generic\base.py", line 105, in view
    return self.dispatch(request, *args, **kwargs)
           ^^^^^^^^^^^^^^^^^^^^^^^^^^^^^^^^^^^^^^^
  File "D:\DJANGO\FINAL YEAR PROJECTS\Josua\backend\.venv\Lib\site-packages\rest_framework\views.py", line 515, in dispatch
    response = self.handle_exception(exc)
               ^^^^^^^^^^^^^^^^^^^^^^^^^^
  File "D:\DJANGO\FINAL YEAR PROJECTS\Josua\backend\.venv\Lib\site-packages\rest_framework\views.py", line 475, in handle_exception
    self.raise_uncaught_exception(exc)
  File "D:\DJANGO\FINAL YEAR PROJECTS\Josua\backend\.venv\Lib\site-packages\rest_framework\views.py", line 486, in raise_uncaught_exception
    raise exc
  File "D:\DJANGO\FINAL YEAR PROJECTS\Josua\backend\.venv\Lib\site-packages\rest_framework\views.py", line 512, in dispatch
    response = handler(request, *args, **kwargs)
               ^^^^^^^^^^^^^^^^^^^^^^^^^^^^^^^^^
  File "D:\DJANGO\FINAL YEAR PROJECTS\Josua\backend\.venv\Lib\site-packages\rest_framework\decorators.py", line 50, in handler
    return func(*args, **kwargs)
           ^^^^^^^^^^^^^^^^^^^^^
  File "D:\DJANGO\FINAL YEAR PROJECTS\Josua\backend\userApp\views.py", line 400, in login_with_otp_request
    start_time = time.time()
                 ^^^^^^^^^
AttributeError: type object 'datetime.time' has no attribute 'time'
ERROR 2026-02-02 07:05:00,178 log 12184 10024 Internal Server Error: /auth/login-with-otp/request/
Traceback (most recent call last):
  File "D:\DJANGO\FINAL YEAR PROJECTS\Josua\backend\.venv\Lib\site-packages\django\core\handlers\exception.py", line 55, in inner
    response = get_response(request)
               ^^^^^^^^^^^^^^^^^^^^^
  File "D:\DJANGO\FINAL YEAR PROJECTS\Josua\backend\.venv\Lib\site-packages\django\core\handlers\base.py", line 197, in _get_response
    response = wrapped_callback(request, *callback_args, **callback_kwargs)
               ^^^^^^^^^^^^^^^^^^^^^^^^^^^^^^^^^^^^^^^^^^^^^^^^^^^^^^^^^^^^
  File "D:\DJANGO\FINAL YEAR PROJECTS\Josua\backend\.venv\Lib\site-packages\django\views\decorators\csrf.py", line 65, in _view_wrapper
    return view_func(request, *args, **kwargs)
           ^^^^^^^^^^^^^^^^^^^^^^^^^^^^^^^^^^^
  File "D:\DJANGO\FINAL YEAR PROJECTS\Josua\backend\.venv\Lib\site-packages\django\views\generic\base.py", line 105, in view
    return self.dispatch(request, *args, **kwargs)
           ^^^^^^^^^^^^^^^^^^^^^^^^^^^^^^^^^^^^^^^
  File "D:\DJANGO\FINAL YEAR PROJECTS\Josua\backend\.venv\Lib\site-packages\rest_framework\views.py", line 515, in dispatch
    response = self.handle_exception(exc)
               ^^^^^^^^^^^^^^^^^^^^^^^^^^
  File "D:\DJANGO\FINAL YEAR PROJECTS\Josua\backend\.venv\Lib\site-packages\rest_framework\views.py", line 475, in handle_exception
    self.raise_uncaught_exception(exc)
  File "D:\DJANGO\FINAL YEAR PROJECTS\Josua\backend\.venv\Lib\site-packages\rest_framework\views.py", line 486, in raise_uncaught_exception
    raise exc
  File "D:\DJANGO\FINAL YEAR PROJECTS\Josua\backend\.venv\Lib\site-packages\rest_framework\views.py", line 512, in dispatch
    response = handler(request, *args, **kwargs)
               ^^^^^^^^^^^^^^^^^^^^^^^^^^^^^^^^^
  File "D:\DJANGO\FINAL YEAR PROJECTS\Josua\backend\.venv\Lib\site-packages\rest_framework\decorators.py", line 50, in handler
    return func(*args, **kwargs)
           ^^^^^^^^^^^^^^^^^^^^^
  File "D:\DJANGO\FINAL YEAR PROJECTS\Josua\backend\userApp\views.py", line 400, in login_with_otp_request
    start_time = time.time()
                 ^^^^^^^^^
AttributeError: type object 'datetime.time' has no attribute 'time'
ERROR 2026-02-02 10:25:59,337 log 820 15332 Internal Server Error: /get_user_activity_logs/1/
ERROR 2026-02-02 10:25:59,585 log 820 9560 Internal Server Error: /get_user_activity_logs/1/
ERROR 2026-02-02 10:33:09,886 log 13032 11240 Internal Server Error: /log_activity/
ERROR 2026-02-02 10:33:10,509 log 13032 14536 Internal Server Error: /log_activity/
ERROR 2026-02-03 09:17:39,258 log 2440 12056 Internal Server Error: /incidents/dashboard-stats/
ERROR 2026-02-03 09:17:39,325 log 2440 9300 Internal Server Error: /incidents/dashboard-stats/
ERROR 2026-02-04 12:00:05,092 log 18340 16564 Internal Server Error: /incidents/statistics/
ERROR 2026-02-04 12:00:05,265 log 18340 16564 Internal Server Error: /incidents/statistics/
ERROR 2026-02-04 12:05:41,683 log 18340 4724 Internal Server Error: /incidents/statistics/
ERROR 2026-02-04 12:05:42,095 log 18340 4724 Internal Server Error: /incidents/statistics/
ERROR 2026-02-04 12:06:02,677 log 18340 4724 Internal Server Error: /incidents/statistics/
ERROR 2026-02-04 12:06:27,856 log 18340 4724 Internal Server Error: /incidents/statistics/
ERROR 2026-02-04 12:06:28,177 log 18340 4724 Internal Server Error: /incidents/statistics/
ERROR 2026-02-04 12:09:51,748 log 18340 15452 Internal Server Error: /incidents/statistics/
ERROR 2026-02-04 12:09:52,083 log 18340 15452 Internal Server Error: /incidents/statistics/
ERROR 2026-02-04 12:10:03,481 log 18340 13056 Internal Server Error: /incidents/statistics/
ERROR 2026-02-04 12:10:04,289 log 18340 13056 Internal Server Error: /incidents/statistics/
ERROR 2026-02-04 12:11:37,272 log 18340 15452 Internal Server Error: /incidents/statistics/
ERROR 2026-02-05 09:05:06,717 log 2716 6416 Internal Server Error: /incidents/my/
ERROR 2026-02-05 09:05:07,205 log 2716 6416 Internal Server Error: /incidents/my/
ERROR 2026-02-05 09:05:14,244 log 2716 18424 Internal Server Error: /incidents/my/
ERROR 2026-02-05 09:05:19,839 log 2716 18424 Internal Server Error: /incidents/my/
ERROR 2026-02-05 10:06:26,768 log 16956 3236 Internal Server Error: /incidents/reports/generate/
ERROR 2026-02-05 10:45:43,315 log 19596 19588 Internal Server Error: /incidents/reports/5/file/
ERROR 2026-02-05 11:02:24,032 log 19576 18188 Internal Server Error: /incidents/reports/
Traceback (most recent call last):
  File "D:\DJANGO\FINAL YEAR PROJECTS\Josua\backend\.venv\Lib\site-packages\django\core\handlers\exception.py", line 55, in inner
    response = get_response(request)
               ^^^^^^^^^^^^^^^^^^^^^
  File "D:\DJANGO\FINAL YEAR PROJECTS\Josua\backend\.venv\Lib\site-packages\django\core\handlers\base.py", line 197, in _get_response
    response = wrapped_callback(request, *callback_args, **callback_kwargs)
               ^^^^^^^^^^^^^^^^^^^^^^^^^^^^^^^^^^^^^^^^^^^^^^^^^^^^^^^^^^^^
  File "D:\DJANGO\FINAL YEAR PROJECTS\Josua\backend\.venv\Lib\site-packages\django\views\decorators\csrf.py", line 65, in _view_wrapper
    return view_func(request, *args, **kwargs)
           ^^^^^^^^^^^^^^^^^^^^^^^^^^^^^^^^^^^
  File "D:\DJANGO\FINAL YEAR PROJECTS\Josua\backend\.venv\Lib\site-packages\django\views\generic\base.py", line 105, in view
    return self.dispatch(request, *args, **kwargs)
           ^^^^^^^^^^^^^^^^^^^^^^^^^^^^^^^^^^^^^^^
  File "D:\DJANGO\FINAL YEAR PROJECTS\Josua\backend\.venv\Lib\site-packages\rest_framework\views.py", line 515, in dispatch
    response = self.handle_exception(exc)
               ^^^^^^^^^^^^^^^^^^^^^^^^^^
  File "D:\DJANGO\FINAL YEAR PROJECTS\Josua\backend\.venv\Lib\site-packages\rest_framework\views.py", line 475, in handle_exception
    self.raise_uncaught_exception(exc)
  File "D:\DJANGO\FINAL YEAR PROJECTS\Josua\backend\.venv\Lib\site-packages\rest_framework\views.py", line 486, in raise_uncaught_exception
    raise exc
  File "D:\DJANGO\FINAL YEAR PROJECTS\Josua\backend\.venv\Lib\site-packages\rest_framework\views.py", line 512, in dispatch
    response = handler(request, *args, **kwargs)
               ^^^^^^^^^^^^^^^^^^^^^^^^^^^^^^^^^
  File "D:\DJANGO\FINAL YEAR PROJECTS\Josua\backend\.venv\Lib\site-packages\rest_framework\generics.py", line 243, in get
    return self.list(request, *args, **kwargs)
           ^^^^^^^^^^^^^^^^^^^^^^^^^^^^^^^^^^^
  File "D:\DJANGO\FINAL YEAR PROJECTS\Josua\backend\.venv\Lib\site-packages\rest_framework\mixins.py", line 46, in list
    return Response(serializer.data)
                    ^^^^^^^^^^^^^^^
  File "D:\DJANGO\FINAL YEAR PROJECTS\Josua\backend\.venv\Lib\site-packages\rest_framework\serializers.py", line 797, in data
    ret = super().data
          ^^^^^^^^^^^^
  File "D:\DJANGO\FINAL YEAR PROJECTS\Josua\backend\.venv\Lib\site-packages\rest_framework\serializers.py", line 251, in data
    self._data = self.to_representation(self.instance)
                 ^^^^^^^^^^^^^^^^^^^^^^^^^^^^^^^^^^^^^
  File "D:\DJANGO\FINAL YEAR PROJECTS\Josua\backend\.venv\Lib\site-packages\rest_framework\serializers.py", line 716, in to_representation
    self.child.to_representation(item) for item in iterable
    ^^^^^^^^^^^^^^^^^^^^^^^^^^^^^^^^^^
  File "D:\DJANGO\FINAL YEAR PROJECTS\Josua\backend\.venv\Lib\site-packages\rest_framework\serializers.py", line 540, in to_representation
    ret[field.field_name] = field.to_representation(attribute)
                            ^^^^^^^^^^^^^^^^^^^^^^^^^^^^^^^^^^
  File "D:\DJANGO\FINAL YEAR PROJECTS\Josua\backend\.venv\Lib\site-packages\rest_framework\fields.py", line 1869, in to_representation
    method = getattr(self.parent, self.method_name)
             ^^^^^^^^^^^^^^^^^^^^^^^^^^^^^^^^^^^^^^
AttributeError: 'ReportSerializer' object has no attribute 'get_generated_by_details'
ERROR 2026-02-05 11:02:26,744 log 19576 18188 Internal Server Error: /incidents/reports/
Traceback (most recent call last):
  File "D:\DJANGO\FINAL YEAR PROJECTS\Josua\backend\.venv\Lib\site-packages\django\core\handlers\exception.py", line 55, in inner
    response = get_response(request)
               ^^^^^^^^^^^^^^^^^^^^^
  File "D:\DJANGO\FINAL YEAR PROJECTS\Josua\backend\.venv\Lib\site-packages\django\core\handlers\base.py", line 197, in _get_response
    response = wrapped_callback(request, *callback_args, **callback_kwargs)
               ^^^^^^^^^^^^^^^^^^^^^^^^^^^^^^^^^^^^^^^^^^^^^^^^^^^^^^^^^^^^
  File "D:\DJANGO\FINAL YEAR PROJECTS\Josua\backend\.venv\Lib\site-packages\django\views\decorators\csrf.py", line 65, in _view_wrapper
    return view_func(request, *args, **kwargs)
           ^^^^^^^^^^^^^^^^^^^^^^^^^^^^^^^^^^^
  File "D:\DJANGO\FINAL YEAR PROJECTS\Josua\backend\.venv\Lib\site-packages\django\views\generic\base.py", line 105, in view
    return self.dispatch(request, *args, **kwargs)
           ^^^^^^^^^^^^^^^^^^^^^^^^^^^^^^^^^^^^^^^
  File "D:\DJANGO\FINAL YEAR PROJECTS\Josua\backend\.venv\Lib\site-packages\rest_framework\views.py", line 515, in dispatch
    response = self.handle_exception(exc)
               ^^^^^^^^^^^^^^^^^^^^^^^^^^
  File "D:\DJANGO\FINAL YEAR PROJECTS\Josua\backend\.venv\Lib\site-packages\rest_framework\views.py", line 475, in handle_exception
    self.raise_uncaught_exception(exc)
  File "D:\DJANGO\FINAL YEAR PROJECTS\Josua\backend\.venv\Lib\site-packages\rest_framework\views.py", line 486, in raise_uncaught_exception
    raise exc
  File "D:\DJANGO\FINAL YEAR PROJECTS\Josua\backend\.venv\Lib\site-packages\rest_framework\views.py", line 512, in dispatch
    response = handler(request, *args, **kwargs)
               ^^^^^^^^^^^^^^^^^^^^^^^^^^^^^^^^^
  File "D:\DJANGO\FINAL YEAR PROJECTS\Josua\backend\.venv\Lib\site-packages\rest_framework\generics.py", line 243, in get
    return self.list(request, *args, **kwargs)
           ^^^^^^^^^^^^^^^^^^^^^^^^^^^^^^^^^^^
  File "D:\DJANGO\FINAL YEAR PROJECTS\Josua\backend\.venv\Lib\site-packages\rest_framework\mixins.py", line 46, in list
    return Response(serializer.data)
                    ^^^^^^^^^^^^^^^
  File "D:\DJANGO\FINAL YEAR PROJECTS\Josua\backend\.venv\Lib\site-packages\rest_framework\serializers.py", line 797, in data
    ret = super().data
          ^^^^^^^^^^^^
  File "D:\DJANGO\FINAL YEAR PROJECTS\Josua\backend\.venv\Lib\site-packages\rest_framework\serializers.py", line 251, in data
    self._data = self.to_representation(self.instance)
                 ^^^^^^^^^^^^^^^^^^^^^^^^^^^^^^^^^^^^^
  File "D:\DJANGO\FINAL YEAR PROJECTS\Josua\backend\.venv\Lib\site-packages\rest_framework\serializers.py", line 716, in to_representation
    self.child.to_representation(item) for item in iterable
    ^^^^^^^^^^^^^^^^^^^^^^^^^^^^^^^^^^
  File "D:\DJANGO\FINAL YEAR PROJECTS\Josua\backend\.venv\Lib\site-packages\rest_framework\serializers.py", line 540, in to_representation
    ret[field.field_name] = field.to_representation(attribute)
                            ^^^^^^^^^^^^^^^^^^^^^^^^^^^^^^^^^^
  File "D:\DJANGO\FINAL YEAR PROJECTS\Josua\backend\.venv\Lib\site-packages\rest_framework\fields.py", line 1869, in to_representation
    method = getattr(self.parent, self.method_name)
             ^^^^^^^^^^^^^^^^^^^^^^^^^^^^^^^^^^^^^^
AttributeError: 'ReportSerializer' object has no attribute 'get_generated_by_details'
ERROR 2026-02-05 11:02:32,959 log 19576 11524 Internal Server Error: /incidents/reports/
Traceback (most recent call last):
  File "D:\DJANGO\FINAL YEAR PROJECTS\Josua\backend\.venv\Lib\site-packages\django\core\handlers\exception.py", line 55, in inner
    response = get_response(request)
               ^^^^^^^^^^^^^^^^^^^^^
  File "D:\DJANGO\FINAL YEAR PROJECTS\Josua\backend\.venv\Lib\site-packages\django\core\handlers\base.py", line 197, in _get_response
    response = wrapped_callback(request, *callback_args, **callback_kwargs)
               ^^^^^^^^^^^^^^^^^^^^^^^^^^^^^^^^^^^^^^^^^^^^^^^^^^^^^^^^^^^^
  File "D:\DJANGO\FINAL YEAR PROJECTS\Josua\backend\.venv\Lib\site-packages\django\views\decorators\csrf.py", line 65, in _view_wrapper
    return view_func(request, *args, **kwargs)
           ^^^^^^^^^^^^^^^^^^^^^^^^^^^^^^^^^^^
  File "D:\DJANGO\FINAL YEAR PROJECTS\Josua\backend\.venv\Lib\site-packages\django\views\generic\base.py", line 105, in view
    return self.dispatch(request, *args, **kwargs)
           ^^^^^^^^^^^^^^^^^^^^^^^^^^^^^^^^^^^^^^^
  File "D:\DJANGO\FINAL YEAR PROJECTS\Josua\backend\.venv\Lib\site-packages\rest_framework\views.py", line 515, in dispatch
    response = self.handle_exception(exc)
               ^^^^^^^^^^^^^^^^^^^^^^^^^^
  File "D:\DJANGO\FINAL YEAR PROJECTS\Josua\backend\.venv\Lib\site-packages\rest_framework\views.py", line 475, in handle_exception
    self.raise_uncaught_exception(exc)
  File "D:\DJANGO\FINAL YEAR PROJECTS\Josua\backend\.venv\Lib\site-packages\rest_framework\views.py", line 486, in raise_uncaught_exception
    raise exc
  File "D:\DJANGO\FINAL YEAR PROJECTS\Josua\backend\.venv\Lib\site-packages\rest_framework\views.py", line 512, in dispatch
    response = handler(request, *args, **kwargs)
               ^^^^^^^^^^^^^^^^^^^^^^^^^^^^^^^^^
  File "D:\DJANGO\FINAL YEAR PROJECTS\Josua\backend\.venv\Lib\site-packages\rest_framework\generics.py", line 243, in get
    return self.list(request, *args, **kwargs)
           ^^^^^^^^^^^^^^^^^^^^^^^^^^^^^^^^^^^
  File "D:\DJANGO\FINAL YEAR PROJECTS\Josua\backend\.venv\Lib\site-packages\rest_framework\mixins.py", line 46, in list
    return Response(serializer.data)
                    ^^^^^^^^^^^^^^^
  File "D:\DJANGO\FINAL YEAR PROJECTS\Josua\backend\.venv\Lib\site-packages\rest_framework\serializers.py", line 797, in data
    ret = super().data
          ^^^^^^^^^^^^
  File "D:\DJANGO\FINAL YEAR PROJECTS\Josua\backend\.venv\Lib\site-packages\rest_framework\serializers.py", line 251, in data
    self._data = self.to_representation(self.instance)
                 ^^^^^^^^^^^^^^^^^^^^^^^^^^^^^^^^^^^^^
  File "D:\DJANGO\FINAL YEAR PROJECTS\Josua\backend\.venv\Lib\site-packages\rest_framework\serializers.py", line 716, in to_representation
    self.child.to_representation(item) for item in iterable
    ^^^^^^^^^^^^^^^^^^^^^^^^^^^^^^^^^^
  File "D:\DJANGO\FINAL YEAR PROJECTS\Josua\backend\.venv\Lib\site-packages\rest_framework\serializers.py", line 540, in to_representation
    ret[field.field_name] = field.to_representation(attribute)
                            ^^^^^^^^^^^^^^^^^^^^^^^^^^^^^^^^^^
  File "D:\DJANGO\FINAL YEAR PROJECTS\Josua\backend\.venv\Lib\site-packages\rest_framework\fields.py", line 1869, in to_representation
    method = getattr(self.parent, self.method_name)
             ^^^^^^^^^^^^^^^^^^^^^^^^^^^^^^^^^^^^^^
AttributeError: 'ReportSerializer' object has no attribute 'get_generated_by_details'
ERROR 2026-02-05 17:26:49,427 log 16008 15780 Internal Server Error: /compliance-audit/audits/
ERROR 2026-02-06 10:24:46,952 log 8944 16820 Internal Server Error: /compliance-audit/findings/1/
ERROR 2026-02-06 10:24:48,989 log 8944 16820 Internal Server Error: /compliance-audit/findings/1/
ERROR 2026-02-06 10:25:56,159 log 19244 3792 Internal Server Error: /compliance-audit/findings/1/
ERROR 2026-02-06 10:29:35,542 log 1424 15308 Internal Server Error: /compliance-audit/findings/1/
ERROR 2026-02-06 12:14:06,062 log 4272 19372 Internal Server Error: /compliance-audit/dashboard/
ERROR 2026-02-06 12:14:07,006 log 4272 20200 Internal Server Error: /compliance-audit/dashboard/
ERROR 2026-02-06 12:14:08,039 log 4272 19372 Internal Server Error: /compliance-audit/audits/
ERROR 2026-02-06 12:14:08,564 log 4272 19372 Internal Server Error: /compliance-audit/audits/
ERROR 2026-02-06 12:39:28,390 log 17176 8424 Internal Server Error: /incidents/
Traceback (most recent call last):
  File "D:\DJANGO\FINAL YEAR PROJECTS\Josua\backend\.venv\Lib\site-packages\django\core\handlers\exception.py", line 55, in inner
    response = get_response(request)
               ^^^^^^^^^^^^^^^^^^^^^
  File "D:\DJANGO\FINAL YEAR PROJECTS\Josua\backend\.venv\Lib\site-packages\django\core\handlers\base.py", line 197, in _get_response
    response = wrapped_callback(request, *callback_args, **callback_kwargs)
               ^^^^^^^^^^^^^^^^^^^^^^^^^^^^^^^^^^^^^^^^^^^^^^^^^^^^^^^^^^^^
  File "D:\DJANGO\FINAL YEAR PROJECTS\Josua\backend\.venv\Lib\site-packages\django\views\decorators\csrf.py", line 65, in _view_wrapper
    return view_func(request, *args, **kwargs)
           ^^^^^^^^^^^^^^^^^^^^^^^^^^^^^^^^^^^
  File "D:\DJANGO\FINAL YEAR PROJECTS\Josua\backend\.venv\Lib\site-packages\django\views\generic\base.py", line 105, in view
    return self.dispatch(request, *args, **kwargs)
           ^^^^^^^^^^^^^^^^^^^^^^^^^^^^^^^^^^^^^^^
  File "D:\DJANGO\FINAL YEAR PROJECTS\Josua\backend\.venv\Lib\site-packages\rest_framework\views.py", line 515, in dispatch
    response = self.handle_exception(exc)
               ^^^^^^^^^^^^^^^^^^^^^^^^^^
  File "D:\DJANGO\FINAL YEAR PROJECTS\Josua\backend\.venv\Lib\site-packages\rest_framework\views.py", line 475, in handle_exception
    self.raise_uncaught_exception(exc)
  File "D:\DJANGO\FINAL YEAR PROJECTS\Josua\backend\.venv\Lib\site-packages\rest_framework\views.py", line 486, in raise_uncaught_exception
    raise exc
  File "D:\DJANGO\FINAL YEAR PROJECTS\Josua\backend\.venv\Lib\site-packages\rest_framework\views.py", line 512, in dispatch
    response = handler(request, *args, **kwargs)
               ^^^^^^^^^^^^^^^^^^^^^^^^^^^^^^^^^
  File "D:\DJANGO\FINAL YEAR PROJECTS\Josua\backend\.venv\Lib\site-packages\rest_framework\generics.py", line 243, in get
    return self.list(request, *args, **kwargs)
           ^^^^^^^^^^^^^^^^^^^^^^^^^^^^^^^^^^^
  File "D:\DJANGO\FINAL YEAR PROJECTS\Josua\backend\.venv\Lib\site-packages\rest_framework\mixins.py", line 46, in list
    return Response(serializer.data)
                    ^^^^^^^^^^^^^^^
  File "D:\DJANGO\FINAL YEAR PROJECTS\Josua\backend\.venv\Lib\site-packages\rest_framework\serializers.py", line 797, in data
    ret = super().data
          ^^^^^^^^^^^^
  File "D:\DJANGO\FINAL YEAR PROJECTS\Josua\backend\.venv\Lib\site-packages\rest_framework\serializers.py", line 251, in data
    self._data = self.to_representation(self.instance)
                 ^^^^^^^^^^^^^^^^^^^^^^^^^^^^^^^^^^^^^
  File "D:\DJANGO\FINAL YEAR PROJECTS\Josua\backend\.venv\Lib\site-packages\rest_framework\serializers.py", line 716, in to_representation
    self.child.to_representation(item) for item in iterable
    ^^^^^^^^^^^^^^^^^^^^^^^^^^^^^^^^^^
  File "D:\DJANGO\FINAL YEAR PROJECTS\Josua\backend\incidentApp\serializers.py", line 336, in to_representation
    representation = super().to_representation(instance)
                     ^^^^^^^^^^^^^^^^^^^^^^^^^^^^^^^^^^^
  File "D:\DJANGO\FINAL YEAR PROJECTS\Josua\backend\.venv\Lib\site-packages\rest_framework\serializers.py", line 525, in to_representation
    for field in fields:
                 ^^^^^^
  File "D:\DJANGO\FINAL YEAR PROJECTS\Josua\backend\.venv\Lib\site-packages\rest_framework\serializers.py", line 386, in _readable_fields
    for field in self.fields.values():
                 ^^^^^^^^^^^
  File "D:\DJANGO\FINAL YEAR PROJECTS\Josua\backend\.venv\Lib\site-packages\django\utils\functional.py", line 47, in __get__
    res = instance.__dict__[self.name] = self.func(instance)
                                         ^^^^^^^^^^^^^^^^^^^
  File "D:\DJANGO\FINAL YEAR PROJECTS\Josua\backend\.venv\Lib\site-packages\rest_framework\serializers.py", line 374, in fields
    for key, value in self.get_fields().items():
                      ^^^^^^^^^^^^^^^^^
  File "D:\DJANGO\FINAL YEAR PROJECTS\Josua\backend\.venv\Lib\site-packages\rest_framework\serializers.py", line 1105, in get_fields
    field_class, field_kwargs = self.build_field(
                                ^^^^^^^^^^^^^^^^^
  File "D:\DJANGO\FINAL YEAR PROJECTS\Josua\backend\.venv\Lib\site-packages\rest_framework\serializers.py", line 1251, in build_field
    return self.build_unknown_field(field_name, model_class)
           ^^^^^^^^^^^^^^^^^^^^^^^^^^^^^^^^^^^^^^^^^^^^^^^^^
  File "D:\DJANGO\FINAL YEAR PROJECTS\Josua\backend\.venv\Lib\site-packages\rest_framework\serializers.py", line 1369, in build_unknown_field
    raise ImproperlyConfigured(
django.core.exceptions.ImproperlyConfigured: Field name `overdue_hours` is not valid for model `Incident` in `incidentApp.serializers.IncidentSerializer`.
ERROR 2026-02-06 12:39:28,642 log 17176 14612 Internal Server Error: /incidents/
Traceback (most recent call last):
  File "D:\DJANGO\FINAL YEAR PROJECTS\Josua\backend\.venv\Lib\site-packages\django\core\handlers\exception.py", line 55, in inner
    response = get_response(request)
               ^^^^^^^^^^^^^^^^^^^^^
  File "D:\DJANGO\FINAL YEAR PROJECTS\Josua\backend\.venv\Lib\site-packages\django\core\handlers\base.py", line 197, in _get_response
    response = wrapped_callback(request, *callback_args, **callback_kwargs)
               ^^^^^^^^^^^^^^^^^^^^^^^^^^^^^^^^^^^^^^^^^^^^^^^^^^^^^^^^^^^^
  File "D:\DJANGO\FINAL YEAR PROJECTS\Josua\backend\.venv\Lib\site-packages\django\views\decorators\csrf.py", line 65, in _view_wrapper
    return view_func(request, *args, **kwargs)
           ^^^^^^^^^^^^^^^^^^^^^^^^^^^^^^^^^^^
  File "D:\DJANGO\FINAL YEAR PROJECTS\Josua\backend\.venv\Lib\site-packages\django\views\generic\base.py", line 105, in view
    return self.dispatch(request, *args, **kwargs)
           ^^^^^^^^^^^^^^^^^^^^^^^^^^^^^^^^^^^^^^^
  File "D:\DJANGO\FINAL YEAR PROJECTS\Josua\backend\.venv\Lib\site-packages\rest_framework\views.py", line 515, in dispatch
    response = self.handle_exception(exc)
               ^^^^^^^^^^^^^^^^^^^^^^^^^^
  File "D:\DJANGO\FINAL YEAR PROJECTS\Josua\backend\.venv\Lib\site-packages\rest_framework\views.py", line 475, in handle_exception
    self.raise_uncaught_exception(exc)
  File "D:\DJANGO\FINAL YEAR PROJECTS\Josua\backend\.venv\Lib\site-packages\rest_framework\views.py", line 486, in raise_uncaught_exception
    raise exc
  File "D:\DJANGO\FINAL YEAR PROJECTS\Josua\backend\.venv\Lib\site-packages\rest_framework\views.py", line 512, in dispatch
    response = handler(request, *args, **kwargs)
               ^^^^^^^^^^^^^^^^^^^^^^^^^^^^^^^^^
  File "D:\DJANGO\FINAL YEAR PROJECTS\Josua\backend\.venv\Lib\site-packages\rest_framework\generics.py", line 243, in get
    return self.list(request, *args, **kwargs)
           ^^^^^^^^^^^^^^^^^^^^^^^^^^^^^^^^^^^
  File "D:\DJANGO\FINAL YEAR PROJECTS\Josua\backend\.venv\Lib\site-packages\rest_framework\mixins.py", line 46, in list
    return Response(serializer.data)
                    ^^^^^^^^^^^^^^^
  File "D:\DJANGO\FINAL YEAR PROJECTS\Josua\backend\.venv\Lib\site-packages\rest_framework\serializers.py", line 797, in data
    ret = super().data
          ^^^^^^^^^^^^
  File "D:\DJANGO\FINAL YEAR PROJECTS\Josua\backend\.venv\Lib\site-packages\rest_framework\serializers.py", line 251, in data
    self._data = self.to_representation(self.instance)
                 ^^^^^^^^^^^^^^^^^^^^^^^^^^^^^^^^^^^^^
  File "D:\DJANGO\FINAL YEAR PROJECTS\Josua\backend\.venv\Lib\site-packages\rest_framework\serializers.py", line 716, in to_representation
    self.child.to_representation(item) for item in iterable
    ^^^^^^^^^^^^^^^^^^^^^^^^^^^^^^^^^^
  File "D:\DJANGO\FINAL YEAR PROJECTS\Josua\backend\incidentApp\serializers.py", line 336, in to_representation
    representation = super().to_representation(instance)
                     ^^^^^^^^^^^^^^^^^^^^^^^^^^^^^^^^^^^
  File "D:\DJANGO\FINAL YEAR PROJECTS\Josua\backend\.venv\Lib\site-packages\rest_framework\serializers.py", line 525, in to_representation
    for field in fields:
                 ^^^^^^
  File "D:\DJANGO\FINAL YEAR PROJECTS\Josua\backend\.venv\Lib\site-packages\rest_framework\serializers.py", line 386, in _readable_fields
    for field in self.fields.values():
                 ^^^^^^^^^^^
  File "D:\DJANGO\FINAL YEAR PROJECTS\Josua\backend\.venv\Lib\site-packages\django\utils\functional.py", line 47, in __get__
    res = instance.__dict__[self.name] = self.func(instance)
                                         ^^^^^^^^^^^^^^^^^^^
  File "D:\DJANGO\FINAL YEAR PROJECTS\Josua\backend\.venv\Lib\site-packages\rest_framework\serializers.py", line 374, in fields
    for key, value in self.get_fields().items():
                      ^^^^^^^^^^^^^^^^^
  File "D:\DJANGO\FINAL YEAR PROJECTS\Josua\backend\.venv\Lib\site-packages\rest_framework\serializers.py", line 1105, in get_fields
    field_class, field_kwargs = self.build_field(
                                ^^^^^^^^^^^^^^^^^
  File "D:\DJANGO\FINAL YEAR PROJECTS\Josua\backend\.venv\Lib\site-packages\rest_framework\serializers.py", line 1251, in build_field
    return self.build_unknown_field(field_name, model_class)
           ^^^^^^^^^^^^^^^^^^^^^^^^^^^^^^^^^^^^^^^^^^^^^^^^^
  File "D:\DJANGO\FINAL YEAR PROJECTS\Josua\backend\.venv\Lib\site-packages\rest_framework\serializers.py", line 1369, in build_unknown_field
    raise ImproperlyConfigured(
django.core.exceptions.ImproperlyConfigured: Field name `overdue_hours` is not valid for model `Incident` in `incidentApp.serializers.IncidentSerializer`.
ERROR 2026-02-06 14:07:02,259 log 20272 7076 Internal Server Error: /compliance-audit/findings/
ERROR 2026-02-06 18:01:32,033 log 2652 17952 Internal Server Error: /compliance-audit/standards/
ERROR 2026-02-06 18:01:32,101 log 2652 10636 Internal Server Error: /compliance-audit/reports/
ERROR 2026-02-06 18:01:32,146 log 2652 12568 Internal Server Error: /compliance-audit/audits/
ERROR 2026-02-06 18:01:32,152 log 2652 7804 Internal Server Error: /compliance-audit/dashboard/
ERROR 2026-02-06 18:01:32,445 log 2652 17952 Internal Server Error: /compliance-audit/standards/
ERROR 2026-02-06 18:01:32,504 log 2652 12568 Internal Server Error: /compliance-audit/audits/
ERROR 2026-02-06 18:01:32,536 log 2652 7804 Internal Server Error: /compliance-audit/reports/
ERROR 2026-02-06 18:01:32,539 log 2652 10636 Internal Server Error: /compliance-audit/dashboard/
ERROR 2026-02-06 18:14:51,190 log 7824 4216 Internal Server Error: /compliance-audit/dashboard/
ERROR 2026-02-06 18:14:51,373 log 7824 10584 Internal Server Error: /compliance-audit/audits/
ERROR 2026-02-06 18:14:51,508 log 7824 6240 Internal Server Error: /compliance-audit/standards/
ERROR 2026-02-06 18:14:51,568 log 7824 4216 Internal Server Error: /compliance-audit/dashboard/
ERROR 2026-02-06 18:14:51,895 log 7824 3352 Internal Server Error: /compliance-audit/reports/
ERROR 2026-02-06 18:14:52,222 log 7824 10584 Internal Server Error: /compliance-audit/audits/
ERROR 2026-02-06 18:14:52,276 log 7824 6240 Internal Server Error: /compliance-audit/standards/
ERROR 2026-02-06 18:14:52,331 log 7824 3352 Internal Server Error: /compliance-audit/reports/
ERROR 2026-02-06 18:17:29,383 log 19404 10820 Internal Server Error: /compliance-audit/standards/
ERROR 2026-02-06 18:17:29,418 log 19404 2040 Internal Server Error: /compliance-audit/dashboard/
ERROR 2026-02-06 18:17:29,651 log 19404 9428 Internal Server Error: /compliance-audit/audits/
ERROR 2026-02-06 18:17:29,814 log 19404 12748 Internal Server Error: /compliance-audit/reports/
ERROR 2026-02-06 18:17:29,953 log 19404 10820 Internal Server Error: /compliance-audit/standards/
ERROR 2026-02-06 18:17:30,025 log 19404 2040 Internal Server Error: /compliance-audit/dashboard/
ERROR 2026-02-06 18:17:30,149 log 19404 9428 Internal Server Error: /compliance-audit/audits/
ERROR 2026-02-06 18:17:30,214 log 19404 12748 Internal Server Error: /compliance-audit/reports/
ERROR 2026-02-06 18:28:10,567 log 15644 3996 Internal Server Error: /compliance-audit/audits/
ERROR 2026-02-06 18:28:10,776 log 15644 3960 Internal Server Error: /compliance-audit/standards/
ERROR 2026-02-06 18:28:10,943 log 15644 9804 Internal Server Error: /compliance-audit/reports/
ERROR 2026-02-06 18:28:10,999 log 15644 10688 Internal Server Error: /compliance-audit/dashboard/
ERROR 2026-02-06 18:28:11,268 log 15644 3996 Internal Server Error: /compliance-audit/audits/
ERROR 2026-02-06 18:28:11,335 log 15644 3960 Internal Server Error: /compliance-audit/standards/
ERROR 2026-02-06 18:28:11,417 log 15644 9804 Internal Server Error: /compliance-audit/reports/
ERROR 2026-02-06 18:28:11,636 log 15644 10688 Internal Server Error: /compliance-audit/dashboard/
ERROR 2026-02-06 19:19:17,925 log 20332 13548 Internal Server Error: /compliance-audit/standards/
Traceback (most recent call last):
  File "D:\DJANGO\FINAL YEAR PROJECTS\Josua\backend\complianceAuditApp\views.py", line 113, in post
    standard = serializer.save(created_by=request.user)
               ^^^^^^^^^^^^^^^^^^^^^^^^^^^^^^^^^^^^^^^^
  File "D:\DJANGO\FINAL YEAR PROJECTS\Josua\backend\.venv\Lib\site-packages\rest_framework\serializers.py", line 210, in save
    self.instance = self.create(validated_data)
                    ^^^^^^^^^^^^^^^^^^^^^^^^^^^
  File "D:\DJANGO\FINAL YEAR PROJECTS\Josua\backend\.venv\Lib\site-packages\rest_framework\serializers.py", line 991, in create
    instance = ModelClass._default_manager.create(**validated_data)
               ^^^^^^^^^^^^^^^^^^^^^^^^^^^^^^^^^^^^^^^^^^^^^^^^^^^^
  File "D:\DJANGO\FINAL YEAR PROJECTS\Josua\backend\.venv\Lib\site-packages\django\db\models\manager.py", line 87, in manager_method
    return getattr(self.get_queryset(), name)(*args, **kwargs)
           ^^^^^^^^^^^^^^^^^^^^^^^^^^^^^^^^^^^^^^^^^^^^^^^^^^^
  File "D:\DJANGO\FINAL YEAR PROJECTS\Josua\backend\.venv\Lib\site-packages\django\db\models\query.py", line 665, in create
    obj.save(force_insert=True, using=self.db)
  File "D:\DJANGO\FINAL YEAR PROJECTS\Josua\backend\.venv\Lib\site-packages\django\db\models\base.py", line 902, in save
    self.save_base(
  File "D:\DJANGO\FINAL YEAR PROJECTS\Josua\backend\.venv\Lib\site-packages\django\db\models\base.py", line 988, in save_base
    pre_save.send(
  File "D:\DJANGO\FINAL YEAR PROJECTS\Josua\backend\.venv\Lib\site-packages\django\dispatch\dispatcher.py", line 189, in send
    response = receiver(signal=self, sender=sender, **named)
               ^^^^^^^^^^^^^^^^^^^^^^^^^^^^^^^^^^^^^^^^^^^^^
  File "D:\DJANGO\FINAL YEAR PROJECTS\Josua\backend\complianceAuditApp\signals.py", line 712, in standard_pre_save
    if not instance.effective_date:
           ^^^^^^^^^^^^^^^^^^^^^^^
AttributeError: 'ComplianceStandard' object has no attribute 'effective_date'

During handling of the above exception, another exception occurred:

Traceback (most recent call last):
  File "D:\DJANGO\FINAL YEAR PROJECTS\Josua\backend\.venv\Lib\site-packages\django\core\handlers\exception.py", line 55, in inner
    response = get_response(request)
               ^^^^^^^^^^^^^^^^^^^^^
  File "D:\DJANGO\FINAL YEAR PROJECTS\Josua\backend\.venv\Lib\site-packages\django\core\handlers\base.py", line 197, in _get_response
    response = wrapped_callback(request, *callback_args, **callback_kwargs)
               ^^^^^^^^^^^^^^^^^^^^^^^^^^^^^^^^^^^^^^^^^^^^^^^^^^^^^^^^^^^^
  File "D:\DJANGO\FINAL YEAR PROJECTS\Josua\backend\.venv\Lib\site-packages\django\views\decorators\csrf.py", line 65, in _view_wrapper
    return view_func(request, *args, **kwargs)
           ^^^^^^^^^^^^^^^^^^^^^^^^^^^^^^^^^^^
  File "D:\DJANGO\FINAL YEAR PROJECTS\Josua\backend\.venv\Lib\site-packages\django\views\generic\base.py", line 105, in view
    return self.dispatch(request, *args, **kwargs)
           ^^^^^^^^^^^^^^^^^^^^^^^^^^^^^^^^^^^^^^^
  File "D:\DJANGO\FINAL YEAR PROJECTS\Josua\backend\.venv\Lib\site-packages\rest_framework\views.py", line 515, in dispatch
    response = self.handle_exception(exc)
               ^^^^^^^^^^^^^^^^^^^^^^^^^^
  File "D:\DJANGO\FINAL YEAR PROJECTS\Josua\backend\.venv\Lib\site-packages\rest_framework\views.py", line 475, in handle_exception
    self.raise_uncaught_exception(exc)
  File "D:\DJANGO\FINAL YEAR PROJECTS\Josua\backend\.venv\Lib\site-packages\rest_framework\views.py", line 486, in raise_uncaught_exception
    raise exc
  File "D:\DJANGO\FINAL YEAR PROJECTS\Josua\backend\.venv\Lib\site-packages\rest_framework\views.py", line 512, in dispatch
    response = handler(request, *args, **kwargs)
               ^^^^^^^^^^^^^^^^^^^^^^^^^^^^^^^^^
  File "D:\DJANGO\FINAL YEAR PROJECTS\Josua\backend\complianceAuditApp\views.py", line 141, in post
    print(f"Error creating standard: {str(e)}", exc_info=True)
TypeError: 'exc_info' is an invalid keyword argument for print()
ERROR 2026-02-06 20:16:47,365 log 6408 5856 Internal Server Error: /compliance-audit/audits/
ERROR 2026-02-06 20:36:11,249 log 2736 12632 Internal Server Error: /compliance-audit/standards/
Traceback (most recent call last):
  File "D:\DJANGO\FINAL YEAR PROJECTS\Josua\backend\.venv\Lib\site-packages\django\core\handlers\exception.py", line 55, in inner
    response = get_response(request)
               ^^^^^^^^^^^^^^^^^^^^^
  File "D:\DJANGO\FINAL YEAR PROJECTS\Josua\backend\.venv\Lib\site-packages\django\core\handlers\base.py", line 197, in _get_response
    response = wrapped_callback(request, *callback_args, **callback_kwargs)
               ^^^^^^^^^^^^^^^^^^^^^^^^^^^^^^^^^^^^^^^^^^^^^^^^^^^^^^^^^^^^
  File "D:\DJANGO\FINAL YEAR PROJECTS\Josua\backend\.venv\Lib\site-packages\django\views\decorators\csrf.py", line 65, in _view_wrapper
    return view_func(request, *args, **kwargs)
           ^^^^^^^^^^^^^^^^^^^^^^^^^^^^^^^^^^^
  File "D:\DJANGO\FINAL YEAR PROJECTS\Josua\backend\.venv\Lib\site-packages\django\views\generic\base.py", line 105, in view
    return self.dispatch(request, *args, **kwargs)
           ^^^^^^^^^^^^^^^^^^^^^^^^^^^^^^^^^^^^^^^
  File "D:\DJANGO\FINAL YEAR PROJECTS\Josua\backend\.venv\Lib\site-packages\rest_framework\views.py", line 515, in dispatch
    response = self.handle_exception(exc)
               ^^^^^^^^^^^^^^^^^^^^^^^^^^
  File "D:\DJANGO\FINAL YEAR PROJECTS\Josua\backend\.venv\Lib\site-packages\rest_framework\views.py", line 475, in handle_exception
    self.raise_uncaught_exception(exc)
  File "D:\DJANGO\FINAL YEAR PROJECTS\Josua\backend\.venv\Lib\site-packages\rest_framework\views.py", line 486, in raise_uncaught_exception
    raise exc
  File "D:\DJANGO\FINAL YEAR PROJECTS\Josua\backend\.venv\Lib\site-packages\rest_framework\views.py", line 512, in dispatch
    response = handler(request, *args, **kwargs)
               ^^^^^^^^^^^^^^^^^^^^^^^^^^^^^^^^^
  File "D:\DJANGO\FINAL YEAR PROJECTS\Josua\backend\complianceAuditApp\views.py", line 47, in wrapper
    if request and request.method in ['POST', 'PUT', 'PATCH']:
                   ^^^^^^^^^^^^^^
AttributeError: 'ComplianceStandardViewSet' object has no attribute 'method'
ERROR 2026-02-06 20:36:11,412 log 2736 18496 Internal Server Error: /compliance-audit/standards/
Traceback (most recent call last):
  File "D:\DJANGO\FINAL YEAR PROJECTS\Josua\backend\.venv\Lib\site-packages\django\core\handlers\exception.py", line 55, in inner
    response = get_response(request)
               ^^^^^^^^^^^^^^^^^^^^^
  File "D:\DJANGO\FINAL YEAR PROJECTS\Josua\backend\.venv\Lib\site-packages\django\core\handlers\base.py", line 197, in _get_response
    response = wrapped_callback(request, *callback_args, **callback_kwargs)
               ^^^^^^^^^^^^^^^^^^^^^^^^^^^^^^^^^^^^^^^^^^^^^^^^^^^^^^^^^^^^
  File "D:\DJANGO\FINAL YEAR PROJECTS\Josua\backend\.venv\Lib\site-packages\django\views\decorators\csrf.py", line 65, in _view_wrapper
    return view_func(request, *args, **kwargs)
           ^^^^^^^^^^^^^^^^^^^^^^^^^^^^^^^^^^^
  File "D:\DJANGO\FINAL YEAR PROJECTS\Josua\backend\.venv\Lib\site-packages\django\views\generic\base.py", line 105, in view
    return self.dispatch(request, *args, **kwargs)
           ^^^^^^^^^^^^^^^^^^^^^^^^^^^^^^^^^^^^^^^
  File "D:\DJANGO\FINAL YEAR PROJECTS\Josua\backend\.venv\Lib\site-packages\rest_framework\views.py", line 515, in dispatch
    response = self.handle_exception(exc)
               ^^^^^^^^^^^^^^^^^^^^^^^^^^
  File "D:\DJANGO\FINAL YEAR PROJECTS\Josua\backend\.venv\Lib\site-packages\rest_framework\views.py", line 475, in handle_exception
    self.raise_uncaught_exception(exc)
  File "D:\DJANGO\FINAL YEAR PROJECTS\Josua\backend\.venv\Lib\site-packages\rest_framework\views.py", line 486, in raise_uncaught_exception
    raise exc
  File "D:\DJANGO\FINAL YEAR PROJECTS\Josua\backend\.venv\Lib\site-packages\rest_framework\views.py", line 512, in dispatch
    response = handler(request, *args, **kwargs)
               ^^^^^^^^^^^^^^^^^^^^^^^^^^^^^^^^^
  File "D:\DJANGO\FINAL YEAR PROJECTS\Josua\backend\complianceAuditApp\views.py", line 47, in wrapper
    if request and request.method in ['POST', 'PUT', 'PATCH']:
                   ^^^^^^^^^^^^^^
AttributeError: 'ComplianceStandardViewSet' object has no attribute 'method'
ERROR 2026-02-06 20:38:27,315 log 9880 8156 Internal Server Error: /compliance-audit/standards/
Traceback (most recent call last):
  File "D:\DJANGO\FINAL YEAR PROJECTS\Josua\backend\.venv\Lib\site-packages\django\core\handlers\exception.py", line 55, in inner
    response = get_response(request)
               ^^^^^^^^^^^^^^^^^^^^^
  File "D:\DJANGO\FINAL YEAR PROJECTS\Josua\backend\.venv\Lib\site-packages\django\core\handlers\base.py", line 197, in _get_response
    response = wrapped_callback(request, *callback_args, **callback_kwargs)
               ^^^^^^^^^^^^^^^^^^^^^^^^^^^^^^^^^^^^^^^^^^^^^^^^^^^^^^^^^^^^
  File "D:\DJANGO\FINAL YEAR PROJECTS\Josua\backend\.venv\Lib\site-packages\django\views\decorators\csrf.py", line 65, in _view_wrapper
    return view_func(request, *args, **kwargs)
           ^^^^^^^^^^^^^^^^^^^^^^^^^^^^^^^^^^^
  File "D:\DJANGO\FINAL YEAR PROJECTS\Josua\backend\.venv\Lib\site-packages\django\views\generic\base.py", line 105, in view
    return self.dispatch(request, *args, **kwargs)
           ^^^^^^^^^^^^^^^^^^^^^^^^^^^^^^^^^^^^^^^
  File "D:\DJANGO\FINAL YEAR PROJECTS\Josua\backend\.venv\Lib\site-packages\rest_framework\views.py", line 515, in dispatch
    response = self.handle_exception(exc)
               ^^^^^^^^^^^^^^^^^^^^^^^^^^
  File "D:\DJANGO\FINAL YEAR PROJECTS\Josua\backend\.venv\Lib\site-packages\rest_framework\views.py", line 475, in handle_exception
    self.raise_uncaught_exception(exc)
  File "D:\DJANGO\FINAL YEAR PROJECTS\Josua\backend\.venv\Lib\site-packages\rest_framework\views.py", line 486, in raise_uncaught_exception
    raise exc
  File "D:\DJANGO\FINAL YEAR PROJECTS\Josua\backend\.venv\Lib\site-packages\rest_framework\views.py", line 512, in dispatch
    response = handler(request, *args, **kwargs)
               ^^^^^^^^^^^^^^^^^^^^^^^^^^^^^^^^^
  File "D:\DJANGO\FINAL YEAR PROJECTS\Josua\backend\complianceAuditApp\views.py", line 47, in wrapper
    if request and request.method in ['POST', 'PUT', 'PATCH']:
                   ^^^^^^^^^^^^^^
AttributeError: 'ComplianceStandardViewSet' object has no attribute 'method'
ERROR 2026-02-06 20:38:27,453 log 9880 19380 Internal Server Error: /compliance-audit/standards/
Traceback (most recent call last):
  File "D:\DJANGO\FINAL YEAR PROJECTS\Josua\backend\.venv\Lib\site-packages\django\core\handlers\exception.py", line 55, in inner
    response = get_response(request)
               ^^^^^^^^^^^^^^^^^^^^^
  File "D:\DJANGO\FINAL YEAR PROJECTS\Josua\backend\.venv\Lib\site-packages\django\core\handlers\base.py", line 197, in _get_response
    response = wrapped_callback(request, *callback_args, **callback_kwargs)
               ^^^^^^^^^^^^^^^^^^^^^^^^^^^^^^^^^^^^^^^^^^^^^^^^^^^^^^^^^^^^
  File "D:\DJANGO\FINAL YEAR PROJECTS\Josua\backend\.venv\Lib\site-packages\django\views\decorators\csrf.py", line 65, in _view_wrapper
    return view_func(request, *args, **kwargs)
           ^^^^^^^^^^^^^^^^^^^^^^^^^^^^^^^^^^^
  File "D:\DJANGO\FINAL YEAR PROJECTS\Josua\backend\.venv\Lib\site-packages\django\views\generic\base.py", line 105, in view
    return self.dispatch(request, *args, **kwargs)
           ^^^^^^^^^^^^^^^^^^^^^^^^^^^^^^^^^^^^^^^
  File "D:\DJANGO\FINAL YEAR PROJECTS\Josua\backend\.venv\Lib\site-packages\rest_framework\views.py", line 515, in dispatch
    response = self.handle_exception(exc)
               ^^^^^^^^^^^^^^^^^^^^^^^^^^
  File "D:\DJANGO\FINAL YEAR PROJECTS\Josua\backend\.venv\Lib\site-packages\rest_framework\views.py", line 475, in handle_exception
    self.raise_uncaught_exception(exc)
  File "D:\DJANGO\FINAL YEAR PROJECTS\Josua\backend\.venv\Lib\site-packages\rest_framework\views.py", line 486, in raise_uncaught_exception
    raise exc
  File "D:\DJANGO\FINAL YEAR PROJECTS\Josua\backend\.venv\Lib\site-packages\rest_framework\views.py", line 512, in dispatch
    response = handler(request, *args, **kwargs)
               ^^^^^^^^^^^^^^^^^^^^^^^^^^^^^^^^^
  File "D:\DJANGO\FINAL YEAR PROJECTS\Josua\backend\complianceAuditApp\views.py", line 47, in wrapper
    if request and request.method in ['POST', 'PUT', 'PATCH']:
                   ^^^^^^^^^^^^^^
AttributeError: 'ComplianceStandardViewSet' object has no attribute 'method'
ERROR 2026-02-06 20:43:00,643 log 10944 10928 Internal Server Error: /compliance-audit/standards/
ERROR 2026-02-06 20:43:00,693 log 10944 10928 Internal Server Error: /compliance-audit/standards/
ERROR 2026-02-06 20:44:25,751 log 2028 3780 Internal Server Error: /auth/login-with-otp/request/
ERROR 2026-02-06 20:46:39,502 log 2028 14860 Internal Server Error: /compliance-audit/audits/
ERROR 2026-02-06 20:59:12,071 log 8700 12888 Internal Server Error: /compliance-audit/audits/
Traceback (most recent call last):
  File "D:\DJANGO\FINAL YEAR PROJECTS\Josua\backend\.venv\Lib\site-packages\django\core\handlers\exception.py", line 55, in inner
    response = get_response(request)
               ^^^^^^^^^^^^^^^^^^^^^
  File "D:\DJANGO\FINAL YEAR PROJECTS\Josua\backend\.venv\Lib\site-packages\django\core\handlers\base.py", line 197, in _get_response
    response = wrapped_callback(request, *callback_args, **callback_kwargs)
               ^^^^^^^^^^^^^^^^^^^^^^^^^^^^^^^^^^^^^^^^^^^^^^^^^^^^^^^^^^^^
  File "D:\DJANGO\FINAL YEAR PROJECTS\Josua\backend\.venv\Lib\site-packages\django\views\decorators\csrf.py", line 65, in _view_wrapper
    return view_func(request, *args, **kwargs)
           ^^^^^^^^^^^^^^^^^^^^^^^^^^^^^^^^^^^
  File "D:\DJANGO\FINAL YEAR PROJECTS\Josua\backend\.venv\Lib\site-packages\django\views\generic\base.py", line 105, in view
    return self.dispatch(request, *args, **kwargs)
           ^^^^^^^^^^^^^^^^^^^^^^^^^^^^^^^^^^^^^^^
  File "D:\DJANGO\FINAL YEAR PROJECTS\Josua\backend\.venv\Lib\site-packages\rest_framework\views.py", line 515, in dispatch
    response = self.handle_exception(exc)
               ^^^^^^^^^^^^^^^^^^^^^^^^^^
  File "D:\DJANGO\FINAL YEAR PROJECTS\Josua\backend\.venv\Lib\site-packages\rest_framework\views.py", line 475, in handle_exception
    self.raise_uncaught_exception(exc)
  File "D:\DJANGO\FINAL YEAR PROJECTS\Josua\backend\.venv\Lib\site-packages\rest_framework\views.py", line 486, in raise_uncaught_exception
    raise exc
  File "D:\DJANGO\FINAL YEAR PROJECTS\Josua\backend\.venv\Lib\site-packages\rest_framework\views.py", line 512, in dispatch
    response = handler(request, *args, **kwargs)
               ^^^^^^^^^^^^^^^^^^^^^^^^^^^^^^^^^
  File "D:\DJANGO\FINAL YEAR PROJECTS\Josua\backend\complianceAuditApp\views.py", line 83, in wrapper
    logger.info(f"Response data: {json.dumps(response_data, indent=2)}")
                                  ^^^^^^^^^^^^^^^^^^^^^^^^^^^^^^^^^^^
  File "C:\Users\princ\AppData\Local\Programs\Python\Python312\Lib\json\__init__.py", line 238, in dumps
    **kw).encode(obj)
          ^^^^^^^^^^^
  File "C:\Users\princ\AppData\Local\Programs\Python\Python312\Lib\json\encoder.py", line 202, in encode
    chunks = list(chunks)
             ^^^^^^^^^^^^
  File "C:\Users\princ\AppData\Local\Programs\Python\Python312\Lib\json\encoder.py", line 432, in _iterencode
    yield from _iterencode_dict(o, _current_indent_level)
  File "C:\Users\princ\AppData\Local\Programs\Python\Python312\Lib\json\encoder.py", line 406, in _iterencode_dict
    yield from chunks
  File "C:\Users\princ\AppData\Local\Programs\Python\Python312\Lib\json\encoder.py", line 406, in _iterencode_dict
    yield from chunks
  File "C:\Users\princ\AppData\Local\Programs\Python\Python312\Lib\json\encoder.py", line 326, in _iterencode_list
    yield from chunks
  File "C:\Users\princ\AppData\Local\Programs\Python\Python312\Lib\json\encoder.py", line 406, in _iterencode_dict
    yield from chunks
  File "C:\Users\princ\AppData\Local\Programs\Python\Python312\Lib\json\encoder.py", line 406, in _iterencode_dict
    yield from chunks
  File "C:\Users\princ\AppData\Local\Programs\Python\Python312\Lib\json\encoder.py", line 439, in _iterencode
    o = _default(o)
        ^^^^^^^^^^^
  File "C:\Users\princ\AppData\Local\Programs\Python\Python312\Lib\json\encoder.py", line 180, in default
    raise TypeError(f'Object of type {o.__class__.__name__} '
TypeError: Object of type datetime is not JSON serializable
ERROR 2026-02-06 21:00:10,122 log 8700 8952 Internal Server Error: /compliance-audit/audits/
Traceback (most recent call last):
  File "D:\DJANGO\FINAL YEAR PROJECTS\Josua\backend\.venv\Lib\site-packages\django\core\handlers\exception.py", line 55, in inner
    response = get_response(request)
               ^^^^^^^^^^^^^^^^^^^^^
  File "D:\DJANGO\FINAL YEAR PROJECTS\Josua\backend\.venv\Lib\site-packages\django\core\handlers\base.py", line 197, in _get_response
    response = wrapped_callback(request, *callback_args, **callback_kwargs)
               ^^^^^^^^^^^^^^^^^^^^^^^^^^^^^^^^^^^^^^^^^^^^^^^^^^^^^^^^^^^^
  File "D:\DJANGO\FINAL YEAR PROJECTS\Josua\backend\.venv\Lib\site-packages\django\views\decorators\csrf.py", line 65, in _view_wrapper
    return view_func(request, *args, **kwargs)
           ^^^^^^^^^^^^^^^^^^^^^^^^^^^^^^^^^^^
  File "D:\DJANGO\FINAL YEAR PROJECTS\Josua\backend\.venv\Lib\site-packages\django\views\generic\base.py", line 105, in view
    return self.dispatch(request, *args, **kwargs)
           ^^^^^^^^^^^^^^^^^^^^^^^^^^^^^^^^^^^^^^^
  File "D:\DJANGO\FINAL YEAR PROJECTS\Josua\backend\.venv\Lib\site-packages\rest_framework\views.py", line 515, in dispatch
    response = self.handle_exception(exc)
               ^^^^^^^^^^^^^^^^^^^^^^^^^^
  File "D:\DJANGO\FINAL YEAR PROJECTS\Josua\backend\.venv\Lib\site-packages\rest_framework\views.py", line 475, in handle_exception
    self.raise_uncaught_exception(exc)
  File "D:\DJANGO\FINAL YEAR PROJECTS\Josua\backend\.venv\Lib\site-packages\rest_framework\views.py", line 486, in raise_uncaught_exception
    raise exc
  File "D:\DJANGO\FINAL YEAR PROJECTS\Josua\backend\.venv\Lib\site-packages\rest_framework\views.py", line 512, in dispatch
    response = handler(request, *args, **kwargs)
               ^^^^^^^^^^^^^^^^^^^^^^^^^^^^^^^^^
  File "D:\DJANGO\FINAL YEAR PROJECTS\Josua\backend\complianceAuditApp\views.py", line 83, in wrapper
    logger.info(f"Response data: {json.dumps(response_data, indent=2)}")
                                  ^^^^^^^^^^^^^^^^^^^^^^^^^^^^^^^^^^^
  File "C:\Users\princ\AppData\Local\Programs\Python\Python312\Lib\json\__init__.py", line 238, in dumps
    **kw).encode(obj)
          ^^^^^^^^^^^
  File "C:\Users\princ\AppData\Local\Programs\Python\Python312\Lib\json\encoder.py", line 202, in encode
    chunks = list(chunks)
             ^^^^^^^^^^^^
  File "C:\Users\princ\AppData\Local\Programs\Python\Python312\Lib\json\encoder.py", line 432, in _iterencode
    yield from _iterencode_dict(o, _current_indent_level)
  File "C:\Users\princ\AppData\Local\Programs\Python\Python312\Lib\json\encoder.py", line 406, in _iterencode_dict
    yield from chunks
  File "C:\Users\princ\AppData\Local\Programs\Python\Python312\Lib\json\encoder.py", line 406, in _iterencode_dict
    yield from chunks
  File "C:\Users\princ\AppData\Local\Programs\Python\Python312\Lib\json\encoder.py", line 326, in _iterencode_list
    yield from chunks
  File "C:\Users\princ\AppData\Local\Programs\Python\Python312\Lib\json\encoder.py", line 406, in _iterencode_dict
    yield from chunks
  File "C:\Users\princ\AppData\Local\Programs\Python\Python312\Lib\json\encoder.py", line 326, in _iterencode_list
    yield from chunks
  File "C:\Users\princ\AppData\Local\Programs\Python\Python312\Lib\json\encoder.py", line 406, in _iterencode_dict
    yield from chunks
  File "C:\Users\princ\AppData\Local\Programs\Python\Python312\Lib\json\encoder.py", line 406, in _iterencode_dict
    yield from chunks
  File "C:\Users\princ\AppData\Local\Programs\Python\Python312\Lib\json\encoder.py", line 439, in _iterencode
    o = _default(o)
        ^^^^^^^^^^^
  File "C:\Users\princ\AppData\Local\Programs\Python\Python312\Lib\json\encoder.py", line 180, in default
    raise TypeError(f'Object of type {o.__class__.__name__} '
TypeError: Object of type datetime is not JSON serializable
ERROR 2026-02-06 21:00:10,488 log 8700 12888 Internal Server Error: /compliance-audit/audits/
Traceback (most recent call last):
  File "D:\DJANGO\FINAL YEAR PROJECTS\Josua\backend\.venv\Lib\site-packages\django\core\handlers\exception.py", line 55, in inner
    response = get_response(request)
               ^^^^^^^^^^^^^^^^^^^^^
  File "D:\DJANGO\FINAL YEAR PROJECTS\Josua\backend\.venv\Lib\site-packages\django\core\handlers\base.py", line 197, in _get_response
    response = wrapped_callback(request, *callback_args, **callback_kwargs)
               ^^^^^^^^^^^^^^^^^^^^^^^^^^^^^^^^^^^^^^^^^^^^^^^^^^^^^^^^^^^^
  File "D:\DJANGO\FINAL YEAR PROJECTS\Josua\backend\.venv\Lib\site-packages\django\views\decorators\csrf.py", line 65, in _view_wrapper
    return view_func(request, *args, **kwargs)
           ^^^^^^^^^^^^^^^^^^^^^^^^^^^^^^^^^^^
  File "D:\DJANGO\FINAL YEAR PROJECTS\Josua\backend\.venv\Lib\site-packages\django\views\generic\base.py", line 105, in view
    return self.dispatch(request, *args, **kwargs)
           ^^^^^^^^^^^^^^^^^^^^^^^^^^^^^^^^^^^^^^^
  File "D:\DJANGO\FINAL YEAR PROJECTS\Josua\backend\.venv\Lib\site-packages\rest_framework\views.py", line 515, in dispatch
    response = self.handle_exception(exc)
               ^^^^^^^^^^^^^^^^^^^^^^^^^^
  File "D:\DJANGO\FINAL YEAR PROJECTS\Josua\backend\.venv\Lib\site-packages\rest_framework\views.py", line 475, in handle_exception
    self.raise_uncaught_exception(exc)
  File "D:\DJANGO\FINAL YEAR PROJECTS\Josua\backend\.venv\Lib\site-packages\rest_framework\views.py", line 486, in raise_uncaught_exception
    raise exc
  File "D:\DJANGO\FINAL YEAR PROJECTS\Josua\backend\.venv\Lib\site-packages\rest_framework\views.py", line 512, in dispatch
    response = handler(request, *args, **kwargs)
               ^^^^^^^^^^^^^^^^^^^^^^^^^^^^^^^^^
  File "D:\DJANGO\FINAL YEAR PROJECTS\Josua\backend\complianceAuditApp\views.py", line 83, in wrapper
    logger.info(f"Response data: {json.dumps(response_data, indent=2)}")
                                  ^^^^^^^^^^^^^^^^^^^^^^^^^^^^^^^^^^^
  File "C:\Users\princ\AppData\Local\Programs\Python\Python312\Lib\json\__init__.py", line 238, in dumps
    **kw).encode(obj)
          ^^^^^^^^^^^
  File "C:\Users\princ\AppData\Local\Programs\Python\Python312\Lib\json\encoder.py", line 202, in encode
    chunks = list(chunks)
             ^^^^^^^^^^^^
  File "C:\Users\princ\AppData\Local\Programs\Python\Python312\Lib\json\encoder.py", line 432, in _iterencode
    yield from _iterencode_dict(o, _current_indent_level)
  File "C:\Users\princ\AppData\Local\Programs\Python\Python312\Lib\json\encoder.py", line 406, in _iterencode_dict
    yield from chunks
  File "C:\Users\princ\AppData\Local\Programs\Python\Python312\Lib\json\encoder.py", line 406, in _iterencode_dict
    yield from chunks
  File "C:\Users\princ\AppData\Local\Programs\Python\Python312\Lib\json\encoder.py", line 326, in _iterencode_list
    yield from chunks
  File "C:\Users\princ\AppData\Local\Programs\Python\Python312\Lib\json\encoder.py", line 406, in _iterencode_dict
    yield from chunks
  File "C:\Users\princ\AppData\Local\Programs\Python\Python312\Lib\json\encoder.py", line 326, in _iterencode_list
    yield from chunks
  File "C:\Users\princ\AppData\Local\Programs\Python\Python312\Lib\json\encoder.py", line 406, in _iterencode_dict
    yield from chunks
  File "C:\Users\princ\AppData\Local\Programs\Python\Python312\Lib\json\encoder.py", line 406, in _iterencode_dict
    yield from chunks
  File "C:\Users\princ\AppData\Local\Programs\Python\Python312\Lib\json\encoder.py", line 439, in _iterencode
    o = _default(o)
        ^^^^^^^^^^^
  File "C:\Users\princ\AppData\Local\Programs\Python\Python312\Lib\json\encoder.py", line 180, in default
    raise TypeError(f'Object of type {o.__class__.__name__} '
TypeError: Object of type datetime is not JSON serializable
ERROR 2026-02-06 21:09:31,599 log 11584 16076 Internal Server Error: /compliance-audit/findings/
ERROR 2026-02-06 21:13:41,974 log 6016 14468 Internal Server Error: /compliance-audit/findings/
ERROR 2026-02-06 21:44:29,162 log 3376 2696 Internal Server Error: /incidents/78/
Traceback (most recent call last):
  File "D:\DJANGO\FINAL YEAR PROJECTS\Josua\backend\.venv\Lib\site-packages\django\core\handlers\exception.py", line 55, in inner
    response = get_response(request)
               ^^^^^^^^^^^^^^^^^^^^^
  File "D:\DJANGO\FINAL YEAR PROJECTS\Josua\backend\.venv\Lib\site-packages\django\core\handlers\base.py", line 197, in _get_response
    response = wrapped_callback(request, *callback_args, **callback_kwargs)
               ^^^^^^^^^^^^^^^^^^^^^^^^^^^^^^^^^^^^^^^^^^^^^^^^^^^^^^^^^^^^
  File "D:\DJANGO\FINAL YEAR PROJECTS\Josua\backend\.venv\Lib\site-packages\django\views\decorators\csrf.py", line 65, in _view_wrapper
    return view_func(request, *args, **kwargs)
           ^^^^^^^^^^^^^^^^^^^^^^^^^^^^^^^^^^^
  File "D:\DJANGO\FINAL YEAR PROJECTS\Josua\backend\.venv\Lib\site-packages\django\views\generic\base.py", line 105, in view
    return self.dispatch(request, *args, **kwargs)
           ^^^^^^^^^^^^^^^^^^^^^^^^^^^^^^^^^^^^^^^
  File "D:\DJANGO\FINAL YEAR PROJECTS\Josua\backend\.venv\Lib\site-packages\rest_framework\views.py", line 515, in dispatch
    response = self.handle_exception(exc)
               ^^^^^^^^^^^^^^^^^^^^^^^^^^
  File "D:\DJANGO\FINAL YEAR PROJECTS\Josua\backend\.venv\Lib\site-packages\rest_framework\views.py", line 475, in handle_exception
    self.raise_uncaught_exception(exc)
  File "D:\DJANGO\FINAL YEAR PROJECTS\Josua\backend\.venv\Lib\site-packages\rest_framework\views.py", line 486, in raise_uncaught_exception
    raise exc
  File "D:\DJANGO\FINAL YEAR PROJECTS\Josua\backend\.venv\Lib\site-packages\rest_framework\views.py", line 512, in dispatch
    response = handler(request, *args, **kwargs)
               ^^^^^^^^^^^^^^^^^^^^^^^^^^^^^^^^^
  File "D:\DJANGO\FINAL YEAR PROJECTS\Josua\backend\.venv\Lib\site-packages\rest_framework\generics.py", line 292, in patch
    return self.partial_update(request, *args, **kwargs)
           ^^^^^^^^^^^^^^^^^^^^^^^^^^^^^^^^^^^^^^^^^^^^^
  File "D:\DJANGO\FINAL YEAR PROJECTS\Josua\backend\.venv\Lib\site-packages\rest_framework\mixins.py", line 82, in partial_update
    return self.update(request, *args, **kwargs)
           ^^^^^^^^^^^^^^^^^^^^^^^^^^^^^^^^^^^^^
  File "D:\DJANGO\FINAL YEAR PROJECTS\Josua\backend\.venv\Lib\site-packages\rest_framework\mixins.py", line 67, in update
    serializer.is_valid(raise_exception=True)
  File "D:\DJANGO\FINAL YEAR PROJECTS\Josua\backend\.venv\Lib\site-packages\rest_framework\serializers.py", line 225, in is_valid
    self._validated_data = self.run_validation(self.initial_data)
                           ^^^^^^^^^^^^^^^^^^^^^^^^^^^^^^^^^^^^^^
  File "D:\DJANGO\FINAL YEAR PROJECTS\Josua\backend\.venv\Lib\site-packages\rest_framework\serializers.py", line 444, in run_validation
    value = self.to_internal_value(data)
            ^^^^^^^^^^^^^^^^^^^^^^^^^^^^
  File "D:\DJANGO\FINAL YEAR PROJECTS\Josua\backend\.venv\Lib\site-packages\rest_framework\serializers.py", line 497, in to_internal_value
    for field in fields:
                 ^^^^^^
  File "D:\DJANGO\FINAL YEAR PROJECTS\Josua\backend\.venv\Lib\site-packages\rest_framework\serializers.py", line 380, in _writable_fields
    for field in self.fields.values():
                 ^^^^^^^^^^^
  File "D:\DJANGO\FINAL YEAR PROJECTS\Josua\backend\.venv\Lib\site-packages\django\utils\functional.py", line 47, in __get__
    res = instance.__dict__[self.name] = self.func(instance)
                                         ^^^^^^^^^^^^^^^^^^^
  File "D:\DJANGO\FINAL YEAR PROJECTS\Josua\backend\.venv\Lib\site-packages\rest_framework\serializers.py", line 374, in fields
    for key, value in self.get_fields().items():
                      ^^^^^^^^^^^^^^^^^
  File "D:\DJANGO\FINAL YEAR PROJECTS\Josua\backend\.venv\Lib\site-packages\rest_framework\serializers.py", line 1105, in get_fields
    field_class, field_kwargs = self.build_field(
                                ^^^^^^^^^^^^^^^^^
  File "D:\DJANGO\FINAL YEAR PROJECTS\Josua\backend\.venv\Lib\site-packages\rest_framework\serializers.py", line 1251, in build_field
    return self.build_unknown_field(field_name, model_class)
           ^^^^^^^^^^^^^^^^^^^^^^^^^^^^^^^^^^^^^^^^^^^^^^^^^
  File "D:\DJANGO\FINAL YEAR PROJECTS\Josua\backend\.venv\Lib\site-packages\rest_framework\serializers.py", line 1369, in build_unknown_field
    raise ImproperlyConfigured(
django.core.exceptions.ImproperlyConfigured: Field name `overdue_hours` is not valid for model `Incident` in `incidentApp.serializers.IncidentSerializer`.
ERROR 2026-02-07 00:17:23,992 log 16496 6404 Internal Server Error: /incidents/reports/generate/
ERROR 2026-02-07 00:17:33,285 log 16496 6404 Internal Server Error: /incidents/reports/generate/
ERROR 2026-02-07 00:17:38,494 log 16496 6404 Internal Server Error: /incidents/reports/generate/
ERROR 2026-02-07 00:18:07,595 log 16496 6404 Internal Server Error: /incidents/reports/generate/
ERROR 2026-02-07 00:24:50,437 log 7156 13392 Internal Server Error: /compliance-audit/reports/generate/
ERROR 2026-02-07 00:33:25,132 log 3124 7528 Internal Server Error: /compliance-audit/reports/generate/
ERROR 2026-02-07 00:49:56,628 log 18104 18468 Internal Server Error: /compliance-audit/reports/generate/
ERROR 2026-02-07 00:51:58,347 log 18104 18468 Internal Server Error: /compliance-audit/reports/generate/
ERROR 2026-02-07 00:52:53,519 log 18104 18468 Internal Server Error: /compliance-audit/reports/generate/
ERROR 2026-02-07 01:18:18,162 log 14260 5816 Internal Server Error: /incidents/incidents/manual-assign/
ERROR 2026-02-07 01:18:52,718 log 14260 5816 Internal Server Error: /incidents/incidents/manual-assign/
ERROR 2026-02-07 01:19:00,415 log 14260 5816 Internal Server Error: /incidents/incidents/manual-assign/
ERROR 2026-02-07 01:19:02,080 log 14260 5816 Internal Server Error: /incidents/incidents/manual-assign/
ERROR 2026-02-07 01:19:19,221 log 14260 5816 Internal Server Error: /incidents/incidents/manual-assign/
ERROR 2026-02-07 01:19:33,763 log 14260 5816 Internal Server Error: /incidents/80/
Traceback (most recent call last):
  File "D:\DJANGO\FINAL YEAR PROJECTS\Josua\backend\.venv\Lib\site-packages\django\core\handlers\exception.py", line 55, in inner
    response = get_response(request)
               ^^^^^^^^^^^^^^^^^^^^^
  File "D:\DJANGO\FINAL YEAR PROJECTS\Josua\backend\.venv\Lib\site-packages\django\core\handlers\base.py", line 197, in _get_response
    response = wrapped_callback(request, *callback_args, **callback_kwargs)
               ^^^^^^^^^^^^^^^^^^^^^^^^^^^^^^^^^^^^^^^^^^^^^^^^^^^^^^^^^^^^
  File "D:\DJANGO\FINAL YEAR PROJECTS\Josua\backend\.venv\Lib\site-packages\django\views\decorators\csrf.py", line 65, in _view_wrapper
    return view_func(request, *args, **kwargs)
           ^^^^^^^^^^^^^^^^^^^^^^^^^^^^^^^^^^^
  File "D:\DJANGO\FINAL YEAR PROJECTS\Josua\backend\.venv\Lib\site-packages\django\views\generic\base.py", line 105, in view
    return self.dispatch(request, *args, **kwargs)
           ^^^^^^^^^^^^^^^^^^^^^^^^^^^^^^^^^^^^^^^
  File "D:\DJANGO\FINAL YEAR PROJECTS\Josua\backend\.venv\Lib\site-packages\rest_framework\views.py", line 515, in dispatch
    response = self.handle_exception(exc)
               ^^^^^^^^^^^^^^^^^^^^^^^^^^
  File "D:\DJANGO\FINAL YEAR PROJECTS\Josua\backend\.venv\Lib\site-packages\rest_framework\views.py", line 475, in handle_exception
    self.raise_uncaught_exception(exc)
  File "D:\DJANGO\FINAL YEAR PROJECTS\Josua\backend\.venv\Lib\site-packages\rest_framework\views.py", line 486, in raise_uncaught_exception
    raise exc
  File "D:\DJANGO\FINAL YEAR PROJECTS\Josua\backend\.venv\Lib\site-packages\rest_framework\views.py", line 512, in dispatch
    response = handler(request, *args, **kwargs)
               ^^^^^^^^^^^^^^^^^^^^^^^^^^^^^^^^^
  File "D:\DJANGO\FINAL YEAR PROJECTS\Josua\backend\.venv\Lib\site-packages\rest_framework\generics.py", line 292, in patch
    return self.partial_update(request, *args, **kwargs)
           ^^^^^^^^^^^^^^^^^^^^^^^^^^^^^^^^^^^^^^^^^^^^^
  File "D:\DJANGO\FINAL YEAR PROJECTS\Josua\backend\.venv\Lib\site-packages\rest_framework\mixins.py", line 82, in partial_update
    return self.update(request, *args, **kwargs)
           ^^^^^^^^^^^^^^^^^^^^^^^^^^^^^^^^^^^^^
  File "D:\DJANGO\FINAL YEAR PROJECTS\Josua\backend\.venv\Lib\site-packages\rest_framework\mixins.py", line 67, in update
    serializer.is_valid(raise_exception=True)
  File "D:\DJANGO\FINAL YEAR PROJECTS\Josua\backend\.venv\Lib\site-packages\rest_framework\serializers.py", line 225, in is_valid
    self._validated_data = self.run_validation(self.initial_data)
                           ^^^^^^^^^^^^^^^^^^^^^^^^^^^^^^^^^^^^^^
  File "D:\DJANGO\FINAL YEAR PROJECTS\Josua\backend\.venv\Lib\site-packages\rest_framework\serializers.py", line 444, in run_validation
    value = self.to_internal_value(data)
            ^^^^^^^^^^^^^^^^^^^^^^^^^^^^
  File "D:\DJANGO\FINAL YEAR PROJECTS\Josua\backend\.venv\Lib\site-packages\rest_framework\serializers.py", line 497, in to_internal_value
    for field in fields:
                 ^^^^^^
  File "D:\DJANGO\FINAL YEAR PROJECTS\Josua\backend\.venv\Lib\site-packages\rest_framework\serializers.py", line 380, in _writable_fields
    for field in self.fields.values():
                 ^^^^^^^^^^^
  File "D:\DJANGO\FINAL YEAR PROJECTS\Josua\backend\.venv\Lib\site-packages\django\utils\functional.py", line 47, in __get__
    res = instance.__dict__[self.name] = self.func(instance)
                                         ^^^^^^^^^^^^^^^^^^^
  File "D:\DJANGO\FINAL YEAR PROJECTS\Josua\backend\.venv\Lib\site-packages\rest_framework\serializers.py", line 374, in fields
    for key, value in self.get_fields().items():
                      ^^^^^^^^^^^^^^^^^
  File "D:\DJANGO\FINAL YEAR PROJECTS\Josua\backend\.venv\Lib\site-packages\rest_framework\serializers.py", line 1105, in get_fields
    field_class, field_kwargs = self.build_field(
                                ^^^^^^^^^^^^^^^^^
  File "D:\DJANGO\FINAL YEAR PROJECTS\Josua\backend\.venv\Lib\site-packages\rest_framework\serializers.py", line 1251, in build_field
    return self.build_unknown_field(field_name, model_class)
           ^^^^^^^^^^^^^^^^^^^^^^^^^^^^^^^^^^^^^^^^^^^^^^^^^
  File "D:\DJANGO\FINAL YEAR PROJECTS\Josua\backend\.venv\Lib\site-packages\rest_framework\serializers.py", line 1369, in build_unknown_field
    raise ImproperlyConfigured(
django.core.exceptions.ImproperlyConfigured: Field name `overdue_hours` is not valid for model `Incident` in `incidentApp.serializers.IncidentSerializer`.
ERROR 2026-02-07 01:19:35,300 log 14260 5816 Internal Server Error: /incidents/80/
Traceback (most recent call last):
  File "D:\DJANGO\FINAL YEAR PROJECTS\Josua\backend\.venv\Lib\site-packages\django\core\handlers\exception.py", line 55, in inner
    response = get_response(request)
               ^^^^^^^^^^^^^^^^^^^^^
  File "D:\DJANGO\FINAL YEAR PROJECTS\Josua\backend\.venv\Lib\site-packages\django\core\handlers\base.py", line 197, in _get_response
    response = wrapped_callback(request, *callback_args, **callback_kwargs)
               ^^^^^^^^^^^^^^^^^^^^^^^^^^^^^^^^^^^^^^^^^^^^^^^^^^^^^^^^^^^^
  File "D:\DJANGO\FINAL YEAR PROJECTS\Josua\backend\.venv\Lib\site-packages\django\views\decorators\csrf.py", line 65, in _view_wrapper
    return view_func(request, *args, **kwargs)
           ^^^^^^^^^^^^^^^^^^^^^^^^^^^^^^^^^^^
  File "D:\DJANGO\FINAL YEAR PROJECTS\Josua\backend\.venv\Lib\site-packages\django\views\generic\base.py", line 105, in view
    return self.dispatch(request, *args, **kwargs)
           ^^^^^^^^^^^^^^^^^^^^^^^^^^^^^^^^^^^^^^^
  File "D:\DJANGO\FINAL YEAR PROJECTS\Josua\backend\.venv\Lib\site-packages\rest_framework\views.py", line 515, in dispatch
    response = self.handle_exception(exc)
               ^^^^^^^^^^^^^^^^^^^^^^^^^^
  File "D:\DJANGO\FINAL YEAR PROJECTS\Josua\backend\.venv\Lib\site-packages\rest_framework\views.py", line 475, in handle_exception
    self.raise_uncaught_exception(exc)
  File "D:\DJANGO\FINAL YEAR PROJECTS\Josua\backend\.venv\Lib\site-packages\rest_framework\views.py", line 486, in raise_uncaught_exception
    raise exc
  File "D:\DJANGO\FINAL YEAR PROJECTS\Josua\backend\.venv\Lib\site-packages\rest_framework\views.py", line 512, in dispatch
    response = handler(request, *args, **kwargs)
               ^^^^^^^^^^^^^^^^^^^^^^^^^^^^^^^^^
  File "D:\DJANGO\FINAL YEAR PROJECTS\Josua\backend\.venv\Lib\site-packages\rest_framework\generics.py", line 292, in patch
    return self.partial_update(request, *args, **kwargs)
           ^^^^^^^^^^^^^^^^^^^^^^^^^^^^^^^^^^^^^^^^^^^^^
  File "D:\DJANGO\FINAL YEAR PROJECTS\Josua\backend\.venv\Lib\site-packages\rest_framework\mixins.py", line 82, in partial_update
    return self.update(request, *args, **kwargs)
           ^^^^^^^^^^^^^^^^^^^^^^^^^^^^^^^^^^^^^
  File "D:\DJANGO\FINAL YEAR PROJECTS\Josua\backend\.venv\Lib\site-packages\rest_framework\mixins.py", line 67, in update
    serializer.is_valid(raise_exception=True)
  File "D:\DJANGO\FINAL YEAR PROJECTS\Josua\backend\.venv\Lib\site-packages\rest_framework\serializers.py", line 225, in is_valid
    self._validated_data = self.run_validation(self.initial_data)
                           ^^^^^^^^^^^^^^^^^^^^^^^^^^^^^^^^^^^^^^
  File "D:\DJANGO\FINAL YEAR PROJECTS\Josua\backend\.venv\Lib\site-packages\rest_framework\serializers.py", line 444, in run_validation
    value = self.to_internal_value(data)
            ^^^^^^^^^^^^^^^^^^^^^^^^^^^^
  File "D:\DJANGO\FINAL YEAR PROJECTS\Josua\backend\.venv\Lib\site-packages\rest_framework\serializers.py", line 497, in to_internal_value
    for field in fields:
                 ^^^^^^
  File "D:\DJANGO\FINAL YEAR PROJECTS\Josua\backend\.venv\Lib\site-packages\rest_framework\serializers.py", line 380, in _writable_fields
    for field in self.fields.values():
                 ^^^^^^^^^^^
  File "D:\DJANGO\FINAL YEAR PROJECTS\Josua\backend\.venv\Lib\site-packages\django\utils\functional.py", line 47, in __get__
    res = instance.__dict__[self.name] = self.func(instance)
                                         ^^^^^^^^^^^^^^^^^^^
  File "D:\DJANGO\FINAL YEAR PROJECTS\Josua\backend\.venv\Lib\site-packages\rest_framework\serializers.py", line 374, in fields
    for key, value in self.get_fields().items():
                      ^^^^^^^^^^^^^^^^^
  File "D:\DJANGO\FINAL YEAR PROJECTS\Josua\backend\.venv\Lib\site-packages\rest_framework\serializers.py", line 1105, in get_fields
    field_class, field_kwargs = self.build_field(
                                ^^^^^^^^^^^^^^^^^
  File "D:\DJANGO\FINAL YEAR PROJECTS\Josua\backend\.venv\Lib\site-packages\rest_framework\serializers.py", line 1251, in build_field
    return self.build_unknown_field(field_name, model_class)
           ^^^^^^^^^^^^^^^^^^^^^^^^^^^^^^^^^^^^^^^^^^^^^^^^^
  File "D:\DJANGO\FINAL YEAR PROJECTS\Josua\backend\.venv\Lib\site-packages\rest_framework\serializers.py", line 1369, in build_unknown_field
    raise ImproperlyConfigured(
django.core.exceptions.ImproperlyConfigured: Field name `overdue_hours` is not valid for model `Incident` in `incidentApp.serializers.IncidentSerializer`.
ERROR 2026-02-07 01:22:12,699 log 14260 5836 Internal Server Error: /incidents/reports/generate/
ERROR 2026-02-07 11:14:45,169 log 12904 12280 Internal Server Error: /auth/login-with-otp/request/
ERROR 2026-02-07 11:14:56,659 log 12904 12280 Internal Server Error: /auth/login-with-otp/request/
ERROR 2026-02-07 11:17:16,925 log 13504 10332 Internal Server Error: /auth/login-with-otp/request/
ERROR 2026-02-07 11:19:43,885 log 13504 10332 Internal Server Error: /auth/login-with-otp/request/
ERROR 2026-02-07 11:27:03,259 log 4632 11496 Internal Server Error: /auth/login-with-otp/request/
ERROR 2026-02-07 13:38:22,390 log 10920 12268 Internal Server Error: /auth/password-reset/request-otp/
ERROR 2026-02-07 14:10:51,784 log 10920 13224 Internal Server Error: /candidate/my_trainings/
Traceback (most recent call last):
  File "D:\DJANGO\FINAL YEAR PROJECTS\Josua\backend\.venv\Lib\site-packages\django\db\models\fields\__init__.py", line 2128, in get_prep_value
    return int(value)
           ^^^^^^^^^^
TypeError: int() argument must be a string, a bytes-like object or a real number, not 'CustomUser'

The above exception was the direct cause of the following exception:

Traceback (most recent call last):
  File "D:\DJANGO\FINAL YEAR PROJECTS\Josua\backend\.venv\Lib\site-packages\django\core\handlers\exception.py", line 55, in inner
    response = get_response(request)
               ^^^^^^^^^^^^^^^^^^^^^
  File "D:\DJANGO\FINAL YEAR PROJECTS\Josua\backend\.venv\Lib\site-packages\django\core\handlers\base.py", line 197, in _get_response
    response = wrapped_callback(request, *callback_args, **callback_kwargs)
               ^^^^^^^^^^^^^^^^^^^^^^^^^^^^^^^^^^^^^^^^^^^^^^^^^^^^^^^^^^^^
  File "D:\DJANGO\FINAL YEAR PROJECTS\Josua\backend\.venv\Lib\site-packages\django\views\decorators\csrf.py", line 65, in _view_wrapper
    return view_func(request, *args, **kwargs)
           ^^^^^^^^^^^^^^^^^^^^^^^^^^^^^^^^^^^
  File "D:\DJANGO\FINAL YEAR PROJECTS\Josua\backend\.venv\Lib\site-packages\django\views\generic\base.py", line 105, in view
    return self.dispatch(request, *args, **kwargs)
           ^^^^^^^^^^^^^^^^^^^^^^^^^^^^^^^^^^^^^^^
  File "D:\DJANGO\FINAL YEAR PROJECTS\Josua\backend\.venv\Lib\site-packages\rest_framework\views.py", line 515, in dispatch
    response = self.handle_exception(exc)
               ^^^^^^^^^^^^^^^^^^^^^^^^^^
  File "D:\DJANGO\FINAL YEAR PROJECTS\Josua\backend\.venv\Lib\site-packages\rest_framework\views.py", line 475, in handle_exception
    self.raise_uncaught_exception(exc)
  File "D:\DJANGO\FINAL YEAR PROJECTS\Josua\backend\.venv\Lib\site-packages\rest_framework\views.py", line 486, in raise_uncaught_exception
    raise exc
  File "D:\DJANGO\FINAL YEAR PROJECTS\Josua\backend\.venv\Lib\site-packages\rest_framework\views.py", line 512, in dispatch
    response = handler(request, *args, **kwargs)
               ^^^^^^^^^^^^^^^^^^^^^^^^^^^^^^^^^
  File "D:\DJANGO\FINAL YEAR PROJECTS\Josua\backend\.venv\Lib\site-packages\rest_framework\decorators.py", line 50, in handler
    return func(*args, **kwargs)
           ^^^^^^^^^^^^^^^^^^^^^
  File "D:\DJANGO\FINAL YEAR PROJECTS\Josua\backend\trainingCandidateApp\views.py", line 173, in get_user_registered_trainings
    learner = CustomUser.objects.filter(id=request.user)
              ^^^^^^^^^^^^^^^^^^^^^^^^^^^^^^^^^^^^^^^^^^
  File "D:\DJANGO\FINAL YEAR PROJECTS\Josua\backend\.venv\Lib\site-packages\django\db\models\manager.py", line 87, in manager_method
    return getattr(self.get_queryset(), name)(*args, **kwargs)
           ^^^^^^^^^^^^^^^^^^^^^^^^^^^^^^^^^^^^^^^^^^^^^^^^^^^
  File "D:\DJANGO\FINAL YEAR PROJECTS\Josua\backend\.venv\Lib\site-packages\django\db\models\query.py", line 1495, in filter
    return self._filter_or_exclude(False, args, kwargs)
           ^^^^^^^^^^^^^^^^^^^^^^^^^^^^^^^^^^^^^^^^^^^^
  File "D:\DJANGO\FINAL YEAR PROJECTS\Josua\backend\.venv\Lib\site-packages\django\db\models\query.py", line 1513, in _filter_or_exclude
    clone._filter_or_exclude_inplace(negate, args, kwargs)
  File "D:\DJANGO\FINAL YEAR PROJECTS\Josua\backend\.venv\Lib\site-packages\django\db\models\query.py", line 1523, in _filter_or_exclude_inplace
    self._query.add_q(Q(*args, **kwargs))
  File "D:\DJANGO\FINAL YEAR PROJECTS\Josua\backend\.venv\Lib\site-packages\django\db\models\sql\query.py", line 1646, in add_q
    clause, _ = self._add_q(q_object, can_reuse)
                ^^^^^^^^^^^^^^^^^^^^^^^^^^^^^^^^
  File "D:\DJANGO\FINAL YEAR PROJECTS\Josua\backend\.venv\Lib\site-packages\django\db\models\sql\query.py", line 1678, in _add_q
    child_clause, needed_inner = self.build_filter(
                                 ^^^^^^^^^^^^^^^^^^
  File "D:\DJANGO\FINAL YEAR PROJECTS\Josua\backend\.venv\Lib\site-packages\django\db\models\sql\query.py", line 1588, in build_filter
    condition = self.build_lookup(lookups, col, value)
                ^^^^^^^^^^^^^^^^^^^^^^^^^^^^^^^^^^^^^^
  File "D:\DJANGO\FINAL YEAR PROJECTS\Josua\backend\.venv\Lib\site-packages\django\db\models\sql\query.py", line 1415, in build_lookup
    lookup = lookup_class(lhs, rhs)
             ^^^^^^^^^^^^^^^^^^^^^^
  File "D:\DJANGO\FINAL YEAR PROJECTS\Josua\backend\.venv\Lib\site-packages\django\db\models\lookups.py", line 38, in __init__
    self.rhs = self.get_prep_lookup()
               ^^^^^^^^^^^^^^^^^^^^^^
  File "D:\DJANGO\FINAL YEAR PROJECTS\Josua\backend\.venv\Lib\site-packages\django\db\models\lookups.py", line 410, in get_prep_lookup
    return super().get_prep_lookup()
           ^^^^^^^^^^^^^^^^^^^^^^^^^
  File "D:\DJANGO\FINAL YEAR PROJECTS\Josua\backend\.venv\Lib\site-packages\django\db\models\lookups.py", line 96, in get_prep_lookup
    return self.lhs.output_field.get_prep_value(self.rhs)
           ^^^^^^^^^^^^^^^^^^^^^^^^^^^^^^^^^^^^^^^^^^^^^^
  File "D:\DJANGO\FINAL YEAR PROJECTS\Josua\backend\.venv\Lib\site-packages\django\db\models\fields\__init__.py", line 2130, in get_prep_value
    raise e.__class__(
TypeError: Field 'id' expected a number but got <CustomUser: i.iribagiza@employee_hammer_grp_tech.com>.
ERROR 2026-02-07 14:10:51,981 log 10920 12060 Internal Server Error: /candidate/my_trainings/
Traceback (most recent call last):
  File "D:\DJANGO\FINAL YEAR PROJECTS\Josua\backend\.venv\Lib\site-packages\django\db\models\fields\__init__.py", line 2128, in get_prep_value
    return int(value)
           ^^^^^^^^^^
TypeError: int() argument must be a string, a bytes-like object or a real number, not 'CustomUser'

The above exception was the direct cause of the following exception:

Traceback (most recent call last):
  File "D:\DJANGO\FINAL YEAR PROJECTS\Josua\backend\.venv\Lib\site-packages\django\core\handlers\exception.py", line 55, in inner
    response = get_response(request)
               ^^^^^^^^^^^^^^^^^^^^^
  File "D:\DJANGO\FINAL YEAR PROJECTS\Josua\backend\.venv\Lib\site-packages\django\core\handlers\base.py", line 197, in _get_response
    response = wrapped_callback(request, *callback_args, **callback_kwargs)
               ^^^^^^^^^^^^^^^^^^^^^^^^^^^^^^^^^^^^^^^^^^^^^^^^^^^^^^^^^^^^
  File "D:\DJANGO\FINAL YEAR PROJECTS\Josua\backend\.venv\Lib\site-packages\django\views\decorators\csrf.py", line 65, in _view_wrapper
    return view_func(request, *args, **kwargs)
           ^^^^^^^^^^^^^^^^^^^^^^^^^^^^^^^^^^^
  File "D:\DJANGO\FINAL YEAR PROJECTS\Josua\backend\.venv\Lib\site-packages\django\views\generic\base.py", line 105, in view
    return self.dispatch(request, *args, **kwargs)
           ^^^^^^^^^^^^^^^^^^^^^^^^^^^^^^^^^^^^^^^
  File "D:\DJANGO\FINAL YEAR PROJECTS\Josua\backend\.venv\Lib\site-packages\rest_framework\views.py", line 515, in dispatch
    response = self.handle_exception(exc)
               ^^^^^^^^^^^^^^^^^^^^^^^^^^
  File "D:\DJANGO\FINAL YEAR PROJECTS\Josua\backend\.venv\Lib\site-packages\rest_framework\views.py", line 475, in handle_exception
    self.raise_uncaught_exception(exc)
  File "D:\DJANGO\FINAL YEAR PROJECTS\Josua\backend\.venv\Lib\site-packages\rest_framework\views.py", line 486, in raise_uncaught_exception
    raise exc
  File "D:\DJANGO\FINAL YEAR PROJECTS\Josua\backend\.venv\Lib\site-packages\rest_framework\views.py", line 512, in dispatch
    response = handler(request, *args, **kwargs)
               ^^^^^^^^^^^^^^^^^^^^^^^^^^^^^^^^^
  File "D:\DJANGO\FINAL YEAR PROJECTS\Josua\backend\.venv\Lib\site-packages\rest_framework\decorators.py", line 50, in handler
    return func(*args, **kwargs)
           ^^^^^^^^^^^^^^^^^^^^^
  File "D:\DJANGO\FINAL YEAR PROJECTS\Josua\backend\trainingCandidateApp\views.py", line 173, in get_user_registered_trainings
    learner = CustomUser.objects.filter(id=request.user)
              ^^^^^^^^^^^^^^^^^^^^^^^^^^^^^^^^^^^^^^^^^^
  File "D:\DJANGO\FINAL YEAR PROJECTS\Josua\backend\.venv\Lib\site-packages\django\db\models\manager.py", line 87, in manager_method
    return getattr(self.get_queryset(), name)(*args, **kwargs)
           ^^^^^^^^^^^^^^^^^^^^^^^^^^^^^^^^^^^^^^^^^^^^^^^^^^^
  File "D:\DJANGO\FINAL YEAR PROJECTS\Josua\backend\.venv\Lib\site-packages\django\db\models\query.py", line 1495, in filter
    return self._filter_or_exclude(False, args, kwargs)
           ^^^^^^^^^^^^^^^^^^^^^^^^^^^^^^^^^^^^^^^^^^^^
  File "D:\DJANGO\FINAL YEAR PROJECTS\Josua\backend\.venv\Lib\site-packages\django\db\models\query.py", line 1513, in _filter_or_exclude
    clone._filter_or_exclude_inplace(negate, args, kwargs)
  File "D:\DJANGO\FINAL YEAR PROJECTS\Josua\backend\.venv\Lib\site-packages\django\db\models\query.py", line 1523, in _filter_or_exclude_inplace
    self._query.add_q(Q(*args, **kwargs))
  File "D:\DJANGO\FINAL YEAR PROJECTS\Josua\backend\.venv\Lib\site-packages\django\db\models\sql\query.py", line 1646, in add_q
    clause, _ = self._add_q(q_object, can_reuse)
                ^^^^^^^^^^^^^^^^^^^^^^^^^^^^^^^^
  File "D:\DJANGO\FINAL YEAR PROJECTS\Josua\backend\.venv\Lib\site-packages\django\db\models\sql\query.py", line 1678, in _add_q
    child_clause, needed_inner = self.build_filter(
                                 ^^^^^^^^^^^^^^^^^^
  File "D:\DJANGO\FINAL YEAR PROJECTS\Josua\backend\.venv\Lib\site-packages\django\db\models\sql\query.py", line 1588, in build_filter
    condition = self.build_lookup(lookups, col, value)
                ^^^^^^^^^^^^^^^^^^^^^^^^^^^^^^^^^^^^^^
  File "D:\DJANGO\FINAL YEAR PROJECTS\Josua\backend\.venv\Lib\site-packages\django\db\models\sql\query.py", line 1415, in build_lookup
    lookup = lookup_class(lhs, rhs)
             ^^^^^^^^^^^^^^^^^^^^^^
  File "D:\DJANGO\FINAL YEAR PROJECTS\Josua\backend\.venv\Lib\site-packages\django\db\models\lookups.py", line 38, in __init__
    self.rhs = self.get_prep_lookup()
               ^^^^^^^^^^^^^^^^^^^^^^
  File "D:\DJANGO\FINAL YEAR PROJECTS\Josua\backend\.venv\Lib\site-packages\django\db\models\lookups.py", line 410, in get_prep_lookup
    return super().get_prep_lookup()
           ^^^^^^^^^^^^^^^^^^^^^^^^^
  File "D:\DJANGO\FINAL YEAR PROJECTS\Josua\backend\.venv\Lib\site-packages\django\db\models\lookups.py", line 96, in get_prep_lookup
    return self.lhs.output_field.get_prep_value(self.rhs)
           ^^^^^^^^^^^^^^^^^^^^^^^^^^^^^^^^^^^^^^^^^^^^^^
  File "D:\DJANGO\FINAL YEAR PROJECTS\Josua\backend\.venv\Lib\site-packages\django\db\models\fields\__init__.py", line 2130, in get_prep_value
    raise e.__class__(
TypeError: Field 'id' expected a number but got <CustomUser: i.iribagiza@employee_hammer_grp_tech.com>.
ERROR 2026-02-07 14:30:41,788 log 5092 13860 Internal Server Error: /candidate/create/
ERROR 2026-02-07 14:38:37,716 log 8056 15308 Internal Server Error: /progress/training/1/progress/
Traceback (most recent call last):
  File "D:\DJANGO\FINAL YEAR PROJECTS\Josua\backend\.venv\Lib\site-packages\django\db\models\fields\__init__.py", line 2128, in get_prep_value
    return int(value)
           ^^^^^^^^^^
TypeError: int() argument must be a string, a bytes-like object or a real number, not 'CustomUser'

The above exception was the direct cause of the following exception:

Traceback (most recent call last):
  File "D:\DJANGO\FINAL YEAR PROJECTS\Josua\backend\.venv\Lib\site-packages\django\core\handlers\exception.py", line 55, in inner
    response = get_response(request)
               ^^^^^^^^^^^^^^^^^^^^^
  File "D:\DJANGO\FINAL YEAR PROJECTS\Josua\backend\.venv\Lib\site-packages\django\core\handlers\base.py", line 197, in _get_response
    response = wrapped_callback(request, *callback_args, **callback_kwargs)
               ^^^^^^^^^^^^^^^^^^^^^^^^^^^^^^^^^^^^^^^^^^^^^^^^^^^^^^^^^^^^
  File "D:\DJANGO\FINAL YEAR PROJECTS\Josua\backend\.venv\Lib\site-packages\django\views\decorators\csrf.py", line 65, in _view_wrapper
    return view_func(request, *args, **kwargs)
           ^^^^^^^^^^^^^^^^^^^^^^^^^^^^^^^^^^^
  File "D:\DJANGO\FINAL YEAR PROJECTS\Josua\backend\.venv\Lib\site-packages\django\views\generic\base.py", line 105, in view
    return self.dispatch(request, *args, **kwargs)
           ^^^^^^^^^^^^^^^^^^^^^^^^^^^^^^^^^^^^^^^
  File "D:\DJANGO\FINAL YEAR PROJECTS\Josua\backend\.venv\Lib\site-packages\rest_framework\views.py", line 515, in dispatch
    response = self.handle_exception(exc)
               ^^^^^^^^^^^^^^^^^^^^^^^^^^
  File "D:\DJANGO\FINAL YEAR PROJECTS\Josua\backend\.venv\Lib\site-packages\rest_framework\views.py", line 475, in handle_exception
    self.raise_uncaught_exception(exc)
  File "D:\DJANGO\FINAL YEAR PROJECTS\Josua\backend\.venv\Lib\site-packages\rest_framework\views.py", line 486, in raise_uncaught_exception
    raise exc
  File "D:\DJANGO\FINAL YEAR PROJECTS\Josua\backend\.venv\Lib\site-packages\rest_framework\views.py", line 512, in dispatch
    response = handler(request, *args, **kwargs)
               ^^^^^^^^^^^^^^^^^^^^^^^^^^^^^^^^^
  File "D:\DJANGO\FINAL YEAR PROJECTS\Josua\backend\.venv\Lib\site-packages\rest_framework\decorators.py", line 50, in handler
    return func(*args, **kwargs)
           ^^^^^^^^^^^^^^^^^^^^^
  File "D:\DJANGO\FINAL YEAR PROJECTS\Josua\backend\learningProgressApp\views.py", line 384, in get_training_progress
    learner = CustomUser.objects.get(id=request.user)
              ^^^^^^^^^^^^^^^^^^^^^^^^^^^^^^^^^^^^^^^
  File "D:\DJANGO\FINAL YEAR PROJECTS\Josua\backend\.venv\Lib\site-packages\django\db\models\manager.py", line 87, in manager_method
    return getattr(self.get_queryset(), name)(*args, **kwargs)
           ^^^^^^^^^^^^^^^^^^^^^^^^^^^^^^^^^^^^^^^^^^^^^^^^^^^
  File "D:\DJANGO\FINAL YEAR PROJECTS\Josua\backend\.venv\Lib\site-packages\django\db\models\query.py", line 621, in get
    clone = self._chain() if self.query.combinator else self.filter(*args, **kwargs)
                                                        ^^^^^^^^^^^^^^^^^^^^^^^^^^^^
  File "D:\DJANGO\FINAL YEAR PROJECTS\Josua\backend\.venv\Lib\site-packages\django\db\models\query.py", line 1495, in filter
    return self._filter_or_exclude(False, args, kwargs)
           ^^^^^^^^^^^^^^^^^^^^^^^^^^^^^^^^^^^^^^^^^^^^
  File "D:\DJANGO\FINAL YEAR PROJECTS\Josua\backend\.venv\Lib\site-packages\django\db\models\query.py", line 1513, in _filter_or_exclude
    clone._filter_or_exclude_inplace(negate, args, kwargs)
  File "D:\DJANGO\FINAL YEAR PROJECTS\Josua\backend\.venv\Lib\site-packages\django\db\models\query.py", line 1523, in _filter_or_exclude_inplace
    self._query.add_q(Q(*args, **kwargs))
  File "D:\DJANGO\FINAL YEAR PROJECTS\Josua\backend\.venv\Lib\site-packages\django\db\models\sql\query.py", line 1646, in add_q
    clause, _ = self._add_q(q_object, can_reuse)
                ^^^^^^^^^^^^^^^^^^^^^^^^^^^^^^^^
  File "D:\DJANGO\FINAL YEAR PROJECTS\Josua\backend\.venv\Lib\site-packages\django\db\models\sql\query.py", line 1678, in _add_q
    child_clause, needed_inner = self.build_filter(
                                 ^^^^^^^^^^^^^^^^^^
  File "D:\DJANGO\FINAL YEAR PROJECTS\Josua\backend\.venv\Lib\site-packages\django\db\models\sql\query.py", line 1588, in build_filter
    condition = self.build_lookup(lookups, col, value)
                ^^^^^^^^^^^^^^^^^^^^^^^^^^^^^^^^^^^^^^
  File "D:\DJANGO\FINAL YEAR PROJECTS\Josua\backend\.venv\Lib\site-packages\django\db\models\sql\query.py", line 1415, in build_lookup
    lookup = lookup_class(lhs, rhs)
             ^^^^^^^^^^^^^^^^^^^^^^
  File "D:\DJANGO\FINAL YEAR PROJECTS\Josua\backend\.venv\Lib\site-packages\django\db\models\lookups.py", line 38, in __init__
    self.rhs = self.get_prep_lookup()
               ^^^^^^^^^^^^^^^^^^^^^^
  File "D:\DJANGO\FINAL YEAR PROJECTS\Josua\backend\.venv\Lib\site-packages\django\db\models\lookups.py", line 410, in get_prep_lookup
    return super().get_prep_lookup()
           ^^^^^^^^^^^^^^^^^^^^^^^^^
  File "D:\DJANGO\FINAL YEAR PROJECTS\Josua\backend\.venv\Lib\site-packages\django\db\models\lookups.py", line 96, in get_prep_lookup
    return self.lhs.output_field.get_prep_value(self.rhs)
           ^^^^^^^^^^^^^^^^^^^^^^^^^^^^^^^^^^^^^^^^^^^^^^
  File "D:\DJANGO\FINAL YEAR PROJECTS\Josua\backend\.venv\Lib\site-packages\django\db\models\fields\__init__.py", line 2130, in get_prep_value
    raise e.__class__(
TypeError: Field 'id' expected a number but got <CustomUser: i.iribagiza@employee_hammer_grp_tech.com>.
ERROR 2026-02-07 14:38:37,862 log 8056 14944 Internal Server Error: /progress/training/1/progress/
Traceback (most recent call last):
  File "D:\DJANGO\FINAL YEAR PROJECTS\Josua\backend\.venv\Lib\site-packages\django\db\models\fields\__init__.py", line 2128, in get_prep_value
    return int(value)
           ^^^^^^^^^^
TypeError: int() argument must be a string, a bytes-like object or a real number, not 'CustomUser'

The above exception was the direct cause of the following exception:

Traceback (most recent call last):
  File "D:\DJANGO\FINAL YEAR PROJECTS\Josua\backend\.venv\Lib\site-packages\django\core\handlers\exception.py", line 55, in inner
    response = get_response(request)
               ^^^^^^^^^^^^^^^^^^^^^
  File "D:\DJANGO\FINAL YEAR PROJECTS\Josua\backend\.venv\Lib\site-packages\django\core\handlers\base.py", line 197, in _get_response
    response = wrapped_callback(request, *callback_args, **callback_kwargs)
               ^^^^^^^^^^^^^^^^^^^^^^^^^^^^^^^^^^^^^^^^^^^^^^^^^^^^^^^^^^^^
  File "D:\DJANGO\FINAL YEAR PROJECTS\Josua\backend\.venv\Lib\site-packages\django\views\decorators\csrf.py", line 65, in _view_wrapper
    return view_func(request, *args, **kwargs)
           ^^^^^^^^^^^^^^^^^^^^^^^^^^^^^^^^^^^
  File "D:\DJANGO\FINAL YEAR PROJECTS\Josua\backend\.venv\Lib\site-packages\django\views\generic\base.py", line 105, in view
    return self.dispatch(request, *args, **kwargs)
           ^^^^^^^^^^^^^^^^^^^^^^^^^^^^^^^^^^^^^^^
  File "D:\DJANGO\FINAL YEAR PROJECTS\Josua\backend\.venv\Lib\site-packages\rest_framework\views.py", line 515, in dispatch
    response = self.handle_exception(exc)
               ^^^^^^^^^^^^^^^^^^^^^^^^^^
  File "D:\DJANGO\FINAL YEAR PROJECTS\Josua\backend\.venv\Lib\site-packages\rest_framework\views.py", line 475, in handle_exception
    self.raise_uncaught_exception(exc)
  File "D:\DJANGO\FINAL YEAR PROJECTS\Josua\backend\.venv\Lib\site-packages\rest_framework\views.py", line 486, in raise_uncaught_exception
    raise exc
  File "D:\DJANGO\FINAL YEAR PROJECTS\Josua\backend\.venv\Lib\site-packages\rest_framework\views.py", line 512, in dispatch
    response = handler(request, *args, **kwargs)
               ^^^^^^^^^^^^^^^^^^^^^^^^^^^^^^^^^
  File "D:\DJANGO\FINAL YEAR PROJECTS\Josua\backend\.venv\Lib\site-packages\rest_framework\decorators.py", line 50, in handler
    return func(*args, **kwargs)
           ^^^^^^^^^^^^^^^^^^^^^
  File "D:\DJANGO\FINAL YEAR PROJECTS\Josua\backend\learningProgressApp\views.py", line 384, in get_training_progress
    learner = CustomUser.objects.get(id=request.user)
              ^^^^^^^^^^^^^^^^^^^^^^^^^^^^^^^^^^^^^^^
  File "D:\DJANGO\FINAL YEAR PROJECTS\Josua\backend\.venv\Lib\site-packages\django\db\models\manager.py", line 87, in manager_method
    return getattr(self.get_queryset(), name)(*args, **kwargs)
           ^^^^^^^^^^^^^^^^^^^^^^^^^^^^^^^^^^^^^^^^^^^^^^^^^^^
  File "D:\DJANGO\FINAL YEAR PROJECTS\Josua\backend\.venv\Lib\site-packages\django\db\models\query.py", line 621, in get
    clone = self._chain() if self.query.combinator else self.filter(*args, **kwargs)
                                                        ^^^^^^^^^^^^^^^^^^^^^^^^^^^^
  File "D:\DJANGO\FINAL YEAR PROJECTS\Josua\backend\.venv\Lib\site-packages\django\db\models\query.py", line 1495, in filter
    return self._filter_or_exclude(False, args, kwargs)
           ^^^^^^^^^^^^^^^^^^^^^^^^^^^^^^^^^^^^^^^^^^^^
  File "D:\DJANGO\FINAL YEAR PROJECTS\Josua\backend\.venv\Lib\site-packages\django\db\models\query.py", line 1513, in _filter_or_exclude
    clone._filter_or_exclude_inplace(negate, args, kwargs)
  File "D:\DJANGO\FINAL YEAR PROJECTS\Josua\backend\.venv\Lib\site-packages\django\db\models\query.py", line 1523, in _filter_or_exclude_inplace
    self._query.add_q(Q(*args, **kwargs))
  File "D:\DJANGO\FINAL YEAR PROJECTS\Josua\backend\.venv\Lib\site-packages\django\db\models\sql\query.py", line 1646, in add_q
    clause, _ = self._add_q(q_object, can_reuse)
                ^^^^^^^^^^^^^^^^^^^^^^^^^^^^^^^^
  File "D:\DJANGO\FINAL YEAR PROJECTS\Josua\backend\.venv\Lib\site-packages\django\db\models\sql\query.py", line 1678, in _add_q
    child_clause, needed_inner = self.build_filter(
                                 ^^^^^^^^^^^^^^^^^^
  File "D:\DJANGO\FINAL YEAR PROJECTS\Josua\backend\.venv\Lib\site-packages\django\db\models\sql\query.py", line 1588, in build_filter
    condition = self.build_lookup(lookups, col, value)
                ^^^^^^^^^^^^^^^^^^^^^^^^^^^^^^^^^^^^^^
  File "D:\DJANGO\FINAL YEAR PROJECTS\Josua\backend\.venv\Lib\site-packages\django\db\models\sql\query.py", line 1415, in build_lookup
    lookup = lookup_class(lhs, rhs)
             ^^^^^^^^^^^^^^^^^^^^^^
  File "D:\DJANGO\FINAL YEAR PROJECTS\Josua\backend\.venv\Lib\site-packages\django\db\models\lookups.py", line 38, in __init__
    self.rhs = self.get_prep_lookup()
               ^^^^^^^^^^^^^^^^^^^^^^
  File "D:\DJANGO\FINAL YEAR PROJECTS\Josua\backend\.venv\Lib\site-packages\django\db\models\lookups.py", line 410, in get_prep_lookup
    return super().get_prep_lookup()
           ^^^^^^^^^^^^^^^^^^^^^^^^^
  File "D:\DJANGO\FINAL YEAR PROJECTS\Josua\backend\.venv\Lib\site-packages\django\db\models\lookups.py", line 96, in get_prep_lookup
    return self.lhs.output_field.get_prep_value(self.rhs)
           ^^^^^^^^^^^^^^^^^^^^^^^^^^^^^^^^^^^^^^^^^^^^^^
  File "D:\DJANGO\FINAL YEAR PROJECTS\Josua\backend\.venv\Lib\site-packages\django\db\models\fields\__init__.py", line 2130, in get_prep_value
    raise e.__class__(
TypeError: Field 'id' expected a number but got <CustomUser: i.iribagiza@employee_hammer_grp_tech.com>.
ERROR 2026-02-07 14:40:28,481 log 7080 14580 Internal Server Error: /progress/training/1/progress/
Traceback (most recent call last):
  File "D:\DJANGO\FINAL YEAR PROJECTS\Josua\backend\.venv\Lib\site-packages\django\db\models\fields\__init__.py", line 2128, in get_prep_value
    return int(value)
           ^^^^^^^^^^
TypeError: int() argument must be a string, a bytes-like object or a real number, not 'CustomUser'

The above exception was the direct cause of the following exception:

Traceback (most recent call last):
  File "D:\DJANGO\FINAL YEAR PROJECTS\Josua\backend\.venv\Lib\site-packages\django\core\handlers\exception.py", line 55, in inner
    response = get_response(request)
               ^^^^^^^^^^^^^^^^^^^^^
  File "D:\DJANGO\FINAL YEAR PROJECTS\Josua\backend\.venv\Lib\site-packages\django\core\handlers\base.py", line 197, in _get_response
    response = wrapped_callback(request, *callback_args, **callback_kwargs)
               ^^^^^^^^^^^^^^^^^^^^^^^^^^^^^^^^^^^^^^^^^^^^^^^^^^^^^^^^^^^^
  File "D:\DJANGO\FINAL YEAR PROJECTS\Josua\backend\.venv\Lib\site-packages\django\views\decorators\csrf.py", line 65, in _view_wrapper
    return view_func(request, *args, **kwargs)
           ^^^^^^^^^^^^^^^^^^^^^^^^^^^^^^^^^^^
  File "D:\DJANGO\FINAL YEAR PROJECTS\Josua\backend\.venv\Lib\site-packages\django\views\generic\base.py", line 105, in view
    return self.dispatch(request, *args, **kwargs)
           ^^^^^^^^^^^^^^^^^^^^^^^^^^^^^^^^^^^^^^^
  File "D:\DJANGO\FINAL YEAR PROJECTS\Josua\backend\.venv\Lib\site-packages\rest_framework\views.py", line 515, in dispatch
    response = self.handle_exception(exc)
               ^^^^^^^^^^^^^^^^^^^^^^^^^^
  File "D:\DJANGO\FINAL YEAR PROJECTS\Josua\backend\.venv\Lib\site-packages\rest_framework\views.py", line 475, in handle_exception
    self.raise_uncaught_exception(exc)
  File "D:\DJANGO\FINAL YEAR PROJECTS\Josua\backend\.venv\Lib\site-packages\rest_framework\views.py", line 486, in raise_uncaught_exception
    raise exc
  File "D:\DJANGO\FINAL YEAR PROJECTS\Josua\backend\.venv\Lib\site-packages\rest_framework\views.py", line 512, in dispatch
    response = handler(request, *args, **kwargs)
               ^^^^^^^^^^^^^^^^^^^^^^^^^^^^^^^^^
  File "D:\DJANGO\FINAL YEAR PROJECTS\Josua\backend\.venv\Lib\site-packages\rest_framework\decorators.py", line 50, in handler
    return func(*args, **kwargs)
           ^^^^^^^^^^^^^^^^^^^^^
  File "D:\DJANGO\FINAL YEAR PROJECTS\Josua\backend\learningProgressApp\views.py", line 384, in get_training_progress
    learner = CustomUser.objects.get(id=request.user)
              ^^^^^^^^^^^^^^^^^^^^^^^^^^^^^^^^^^^^^^^
  File "D:\DJANGO\FINAL YEAR PROJECTS\Josua\backend\.venv\Lib\site-packages\django\db\models\manager.py", line 87, in manager_method
    return getattr(self.get_queryset(), name)(*args, **kwargs)
           ^^^^^^^^^^^^^^^^^^^^^^^^^^^^^^^^^^^^^^^^^^^^^^^^^^^
  File "D:\DJANGO\FINAL YEAR PROJECTS\Josua\backend\.venv\Lib\site-packages\django\db\models\query.py", line 621, in get
    clone = self._chain() if self.query.combinator else self.filter(*args, **kwargs)
                                                        ^^^^^^^^^^^^^^^^^^^^^^^^^^^^
  File "D:\DJANGO\FINAL YEAR PROJECTS\Josua\backend\.venv\Lib\site-packages\django\db\models\query.py", line 1495, in filter
    return self._filter_or_exclude(False, args, kwargs)
           ^^^^^^^^^^^^^^^^^^^^^^^^^^^^^^^^^^^^^^^^^^^^
  File "D:\DJANGO\FINAL YEAR PROJECTS\Josua\backend\.venv\Lib\site-packages\django\db\models\query.py", line 1513, in _filter_or_exclude
    clone._filter_or_exclude_inplace(negate, args, kwargs)
  File "D:\DJANGO\FINAL YEAR PROJECTS\Josua\backend\.venv\Lib\site-packages\django\db\models\query.py", line 1523, in _filter_or_exclude_inplace
    self._query.add_q(Q(*args, **kwargs))
  File "D:\DJANGO\FINAL YEAR PROJECTS\Josua\backend\.venv\Lib\site-packages\django\db\models\sql\query.py", line 1646, in add_q
    clause, _ = self._add_q(q_object, can_reuse)
                ^^^^^^^^^^^^^^^^^^^^^^^^^^^^^^^^
  File "D:\DJANGO\FINAL YEAR PROJECTS\Josua\backend\.venv\Lib\site-packages\django\db\models\sql\query.py", line 1678, in _add_q
    child_clause, needed_inner = self.build_filter(
                                 ^^^^^^^^^^^^^^^^^^
  File "D:\DJANGO\FINAL YEAR PROJECTS\Josua\backend\.venv\Lib\site-packages\django\db\models\sql\query.py", line 1588, in build_filter
    condition = self.build_lookup(lookups, col, value)
                ^^^^^^^^^^^^^^^^^^^^^^^^^^^^^^^^^^^^^^
  File "D:\DJANGO\FINAL YEAR PROJECTS\Josua\backend\.venv\Lib\site-packages\django\db\models\sql\query.py", line 1415, in build_lookup
    lookup = lookup_class(lhs, rhs)
             ^^^^^^^^^^^^^^^^^^^^^^
  File "D:\DJANGO\FINAL YEAR PROJECTS\Josua\backend\.venv\Lib\site-packages\django\db\models\lookups.py", line 38, in __init__
    self.rhs = self.get_prep_lookup()
               ^^^^^^^^^^^^^^^^^^^^^^
  File "D:\DJANGO\FINAL YEAR PROJECTS\Josua\backend\.venv\Lib\site-packages\django\db\models\lookups.py", line 410, in get_prep_lookup
    return super().get_prep_lookup()
           ^^^^^^^^^^^^^^^^^^^^^^^^^
  File "D:\DJANGO\FINAL YEAR PROJECTS\Josua\backend\.venv\Lib\site-packages\django\db\models\lookups.py", line 96, in get_prep_lookup
    return self.lhs.output_field.get_prep_value(self.rhs)
           ^^^^^^^^^^^^^^^^^^^^^^^^^^^^^^^^^^^^^^^^^^^^^^
  File "D:\DJANGO\FINAL YEAR PROJECTS\Josua\backend\.venv\Lib\site-packages\django\db\models\fields\__init__.py", line 2130, in get_prep_value
    raise e.__class__(
TypeError: Field 'id' expected a number but got <CustomUser: i.iribagiza@employee_hammer_grp_tech.com>.
ERROR 2026-02-07 14:40:28,800 log 7080 2832 Internal Server Error: /progress/training/1/progress/
Traceback (most recent call last):
  File "D:\DJANGO\FINAL YEAR PROJECTS\Josua\backend\.venv\Lib\site-packages\django\db\models\fields\__init__.py", line 2128, in get_prep_value
    return int(value)
           ^^^^^^^^^^
TypeError: int() argument must be a string, a bytes-like object or a real number, not 'CustomUser'

The above exception was the direct cause of the following exception:

Traceback (most recent call last):
  File "D:\DJANGO\FINAL YEAR PROJECTS\Josua\backend\.venv\Lib\site-packages\django\core\handlers\exception.py", line 55, in inner
    response = get_response(request)
               ^^^^^^^^^^^^^^^^^^^^^
  File "D:\DJANGO\FINAL YEAR PROJECTS\Josua\backend\.venv\Lib\site-packages\django\core\handlers\base.py", line 197, in _get_response
    response = wrapped_callback(request, *callback_args, **callback_kwargs)
               ^^^^^^^^^^^^^^^^^^^^^^^^^^^^^^^^^^^^^^^^^^^^^^^^^^^^^^^^^^^^
  File "D:\DJANGO\FINAL YEAR PROJECTS\Josua\backend\.venv\Lib\site-packages\django\views\decorators\csrf.py", line 65, in _view_wrapper
    return view_func(request, *args, **kwargs)
           ^^^^^^^^^^^^^^^^^^^^^^^^^^^^^^^^^^^
  File "D:\DJANGO\FINAL YEAR PROJECTS\Josua\backend\.venv\Lib\site-packages\django\views\generic\base.py", line 105, in view
    return self.dispatch(request, *args, **kwargs)
           ^^^^^^^^^^^^^^^^^^^^^^^^^^^^^^^^^^^^^^^
  File "D:\DJANGO\FINAL YEAR PROJECTS\Josua\backend\.venv\Lib\site-packages\rest_framework\views.py", line 515, in dispatch
    response = self.handle_exception(exc)
               ^^^^^^^^^^^^^^^^^^^^^^^^^^
  File "D:\DJANGO\FINAL YEAR PROJECTS\Josua\backend\.venv\Lib\site-packages\rest_framework\views.py", line 475, in handle_exception
    self.raise_uncaught_exception(exc)
  File "D:\DJANGO\FINAL YEAR PROJECTS\Josua\backend\.venv\Lib\site-packages\rest_framework\views.py", line 486, in raise_uncaught_exception
    raise exc
  File "D:\DJANGO\FINAL YEAR PROJECTS\Josua\backend\.venv\Lib\site-packages\rest_framework\views.py", line 512, in dispatch
    response = handler(request, *args, **kwargs)
               ^^^^^^^^^^^^^^^^^^^^^^^^^^^^^^^^^
  File "D:\DJANGO\FINAL YEAR PROJECTS\Josua\backend\.venv\Lib\site-packages\rest_framework\decorators.py", line 50, in handler
    return func(*args, **kwargs)
           ^^^^^^^^^^^^^^^^^^^^^
  File "D:\DJANGO\FINAL YEAR PROJECTS\Josua\backend\learningProgressApp\views.py", line 384, in get_training_progress
    learner = CustomUser.objects.get(id=request.user)
              ^^^^^^^^^^^^^^^^^^^^^^^^^^^^^^^^^^^^^^^
  File "D:\DJANGO\FINAL YEAR PROJECTS\Josua\backend\.venv\Lib\site-packages\django\db\models\manager.py", line 87, in manager_method
    return getattr(self.get_queryset(), name)(*args, **kwargs)
           ^^^^^^^^^^^^^^^^^^^^^^^^^^^^^^^^^^^^^^^^^^^^^^^^^^^
  File "D:\DJANGO\FINAL YEAR PROJECTS\Josua\backend\.venv\Lib\site-packages\django\db\models\query.py", line 621, in get
    clone = self._chain() if self.query.combinator else self.filter(*args, **kwargs)
                                                        ^^^^^^^^^^^^^^^^^^^^^^^^^^^^
  File "D:\DJANGO\FINAL YEAR PROJECTS\Josua\backend\.venv\Lib\site-packages\django\db\models\query.py", line 1495, in filter
    return self._filter_or_exclude(False, args, kwargs)
           ^^^^^^^^^^^^^^^^^^^^^^^^^^^^^^^^^^^^^^^^^^^^
  File "D:\DJANGO\FINAL YEAR PROJECTS\Josua\backend\.venv\Lib\site-packages\django\db\models\query.py", line 1513, in _filter_or_exclude
    clone._filter_or_exclude_inplace(negate, args, kwargs)
  File "D:\DJANGO\FINAL YEAR PROJECTS\Josua\backend\.venv\Lib\site-packages\django\db\models\query.py", line 1523, in _filter_or_exclude_inplace
    self._query.add_q(Q(*args, **kwargs))
  File "D:\DJANGO\FINAL YEAR PROJECTS\Josua\backend\.venv\Lib\site-packages\django\db\models\sql\query.py", line 1646, in add_q
    clause, _ = self._add_q(q_object, can_reuse)
                ^^^^^^^^^^^^^^^^^^^^^^^^^^^^^^^^
  File "D:\DJANGO\FINAL YEAR PROJECTS\Josua\backend\.venv\Lib\site-packages\django\db\models\sql\query.py", line 1678, in _add_q
    child_clause, needed_inner = self.build_filter(
                                 ^^^^^^^^^^^^^^^^^^
  File "D:\DJANGO\FINAL YEAR PROJECTS\Josua\backend\.venv\Lib\site-packages\django\db\models\sql\query.py", line 1588, in build_filter
    condition = self.build_lookup(lookups, col, value)
                ^^^^^^^^^^^^^^^^^^^^^^^^^^^^^^^^^^^^^^
  File "D:\DJANGO\FINAL YEAR PROJECTS\Josua\backend\.venv\Lib\site-packages\django\db\models\sql\query.py", line 1415, in build_lookup
    lookup = lookup_class(lhs, rhs)
             ^^^^^^^^^^^^^^^^^^^^^^
  File "D:\DJANGO\FINAL YEAR PROJECTS\Josua\backend\.venv\Lib\site-packages\django\db\models\lookups.py", line 38, in __init__
    self.rhs = self.get_prep_lookup()
               ^^^^^^^^^^^^^^^^^^^^^^
  File "D:\DJANGO\FINAL YEAR PROJECTS\Josua\backend\.venv\Lib\site-packages\django\db\models\lookups.py", line 410, in get_prep_lookup
    return super().get_prep_lookup()
           ^^^^^^^^^^^^^^^^^^^^^^^^^
  File "D:\DJANGO\FINAL YEAR PROJECTS\Josua\backend\.venv\Lib\site-packages\django\db\models\lookups.py", line 96, in get_prep_lookup
    return self.lhs.output_field.get_prep_value(self.rhs)
           ^^^^^^^^^^^^^^^^^^^^^^^^^^^^^^^^^^^^^^^^^^^^^^
  File "D:\DJANGO\FINAL YEAR PROJECTS\Josua\backend\.venv\Lib\site-packages\django\db\models\fields\__init__.py", line 2130, in get_prep_value
    raise e.__class__(
TypeError: Field 'id' expected a number but got <CustomUser: i.iribagiza@employee_hammer_grp_tech.com>.
ERROR 2026-02-07 14:43:14,865 log 6268 14764 Internal Server Error: /progress/training/1/progress/
Traceback (most recent call last):
  File "D:\DJANGO\FINAL YEAR PROJECTS\Josua\backend\.venv\Lib\site-packages\django\core\handlers\exception.py", line 55, in inner
    response = get_response(request)
               ^^^^^^^^^^^^^^^^^^^^^
  File "D:\DJANGO\FINAL YEAR PROJECTS\Josua\backend\.venv\Lib\site-packages\django\core\handlers\base.py", line 197, in _get_response
    response = wrapped_callback(request, *callback_args, **callback_kwargs)
               ^^^^^^^^^^^^^^^^^^^^^^^^^^^^^^^^^^^^^^^^^^^^^^^^^^^^^^^^^^^^
  File "D:\DJANGO\FINAL YEAR PROJECTS\Josua\backend\.venv\Lib\site-packages\django\views\decorators\csrf.py", line 65, in _view_wrapper
    return view_func(request, *args, **kwargs)
           ^^^^^^^^^^^^^^^^^^^^^^^^^^^^^^^^^^^
  File "D:\DJANGO\FINAL YEAR PROJECTS\Josua\backend\.venv\Lib\site-packages\django\views\generic\base.py", line 105, in view
    return self.dispatch(request, *args, **kwargs)
           ^^^^^^^^^^^^^^^^^^^^^^^^^^^^^^^^^^^^^^^
  File "D:\DJANGO\FINAL YEAR PROJECTS\Josua\backend\.venv\Lib\site-packages\rest_framework\views.py", line 515, in dispatch
    response = self.handle_exception(exc)
               ^^^^^^^^^^^^^^^^^^^^^^^^^^
  File "D:\DJANGO\FINAL YEAR PROJECTS\Josua\backend\.venv\Lib\site-packages\rest_framework\views.py", line 475, in handle_exception
    self.raise_uncaught_exception(exc)
  File "D:\DJANGO\FINAL YEAR PROJECTS\Josua\backend\.venv\Lib\site-packages\rest_framework\views.py", line 486, in raise_uncaught_exception
    raise exc
  File "D:\DJANGO\FINAL YEAR PROJECTS\Josua\backend\.venv\Lib\site-packages\rest_framework\views.py", line 512, in dispatch
    response = handler(request, *args, **kwargs)
               ^^^^^^^^^^^^^^^^^^^^^^^^^^^^^^^^^
  File "D:\DJANGO\FINAL YEAR PROJECTS\Josua\backend\.venv\Lib\site-packages\rest_framework\decorators.py", line 50, in handler
    return func(*args, **kwargs)
           ^^^^^^^^^^^^^^^^^^^^^
  File "D:\DJANGO\FINAL YEAR PROJECTS\Josua\backend\learningProgressApp\views.py", line 413, in get_training_progress
    return Response(serializer.data, status=status.HTTP_200_OK)
                    ^^^^^^^^^^^^^^^
  File "D:\DJANGO\FINAL YEAR PROJECTS\Josua\backend\.venv\Lib\site-packages\rest_framework\serializers.py", line 573, in data
    ret = super().data
          ^^^^^^^^^^^^
  File "D:\DJANGO\FINAL YEAR PROJECTS\Josua\backend\.venv\Lib\site-packages\rest_framework\serializers.py", line 251, in data
    self._data = self.to_representation(self.instance)
                 ^^^^^^^^^^^^^^^^^^^^^^^^^^^^^^^^^^^^^
  File "D:\DJANGO\FINAL YEAR PROJECTS\Josua\backend\.venv\Lib\site-packages\rest_framework\serializers.py", line 540, in to_representation
    ret[field.field_name] = field.to_representation(attribute)
                            ^^^^^^^^^^^^^^^^^^^^^^^^^^^^^^^^^^
  File "D:\DJANGO\FINAL YEAR PROJECTS\Josua\backend\.venv\Lib\site-packages\rest_framework\fields.py", line 1870, in to_representation
    return method(value)
           ^^^^^^^^^^^^^
  File "D:\DJANGO\FINAL YEAR PROJECTS\Josua\backend\learningProgressApp\serializers.py", line 62, in get_learner_name
    learner = obj.learner
              ^^^^^^^^^^^
AttributeError: 'LearningProgress' object has no attribute 'learner'
ERROR 2026-02-07 14:43:15,106 log 6268 7388 Internal Server Error: /progress/training/1/progress/
Traceback (most recent call last):
  File "D:\DJANGO\FINAL YEAR PROJECTS\Josua\backend\.venv\Lib\site-packages\django\core\handlers\exception.py", line 55, in inner
    response = get_response(request)
               ^^^^^^^^^^^^^^^^^^^^^
  File "D:\DJANGO\FINAL YEAR PROJECTS\Josua\backend\.venv\Lib\site-packages\django\core\handlers\base.py", line 197, in _get_response
    response = wrapped_callback(request, *callback_args, **callback_kwargs)
               ^^^^^^^^^^^^^^^^^^^^^^^^^^^^^^^^^^^^^^^^^^^^^^^^^^^^^^^^^^^^
  File "D:\DJANGO\FINAL YEAR PROJECTS\Josua\backend\.venv\Lib\site-packages\django\views\decorators\csrf.py", line 65, in _view_wrapper
    return view_func(request, *args, **kwargs)
           ^^^^^^^^^^^^^^^^^^^^^^^^^^^^^^^^^^^
  File "D:\DJANGO\FINAL YEAR PROJECTS\Josua\backend\.venv\Lib\site-packages\django\views\generic\base.py", line 105, in view
    return self.dispatch(request, *args, **kwargs)
           ^^^^^^^^^^^^^^^^^^^^^^^^^^^^^^^^^^^^^^^
  File "D:\DJANGO\FINAL YEAR PROJECTS\Josua\backend\.venv\Lib\site-packages\rest_framework\views.py", line 515, in dispatch
    response = self.handle_exception(exc)
               ^^^^^^^^^^^^^^^^^^^^^^^^^^
  File "D:\DJANGO\FINAL YEAR PROJECTS\Josua\backend\.venv\Lib\site-packages\rest_framework\views.py", line 475, in handle_exception
    self.raise_uncaught_exception(exc)
  File "D:\DJANGO\FINAL YEAR PROJECTS\Josua\backend\.venv\Lib\site-packages\rest_framework\views.py", line 486, in raise_uncaught_exception
    raise exc
  File "D:\DJANGO\FINAL YEAR PROJECTS\Josua\backend\.venv\Lib\site-packages\rest_framework\views.py", line 512, in dispatch
    response = handler(request, *args, **kwargs)
               ^^^^^^^^^^^^^^^^^^^^^^^^^^^^^^^^^
  File "D:\DJANGO\FINAL YEAR PROJECTS\Josua\backend\.venv\Lib\site-packages\rest_framework\decorators.py", line 50, in handler
    return func(*args, **kwargs)
           ^^^^^^^^^^^^^^^^^^^^^
  File "D:\DJANGO\FINAL YEAR PROJECTS\Josua\backend\learningProgressApp\views.py", line 413, in get_training_progress
    return Response(serializer.data, status=status.HTTP_200_OK)
                    ^^^^^^^^^^^^^^^
  File "D:\DJANGO\FINAL YEAR PROJECTS\Josua\backend\.venv\Lib\site-packages\rest_framework\serializers.py", line 573, in data
    ret = super().data
          ^^^^^^^^^^^^
  File "D:\DJANGO\FINAL YEAR PROJECTS\Josua\backend\.venv\Lib\site-packages\rest_framework\serializers.py", line 251, in data
    self._data = self.to_representation(self.instance)
                 ^^^^^^^^^^^^^^^^^^^^^^^^^^^^^^^^^^^^^
  File "D:\DJANGO\FINAL YEAR PROJECTS\Josua\backend\.venv\Lib\site-packages\rest_framework\serializers.py", line 540, in to_representation
    ret[field.field_name] = field.to_representation(attribute)
                            ^^^^^^^^^^^^^^^^^^^^^^^^^^^^^^^^^^
  File "D:\DJANGO\FINAL YEAR PROJECTS\Josua\backend\.venv\Lib\site-packages\rest_framework\fields.py", line 1870, in to_representation
    return method(value)
           ^^^^^^^^^^^^^
  File "D:\DJANGO\FINAL YEAR PROJECTS\Josua\backend\learningProgressApp\serializers.py", line 62, in get_learner_name
    learner = obj.learner
              ^^^^^^^^^^^
AttributeError: 'LearningProgress' object has no attribute 'learner'
ERROR 2026-02-07 17:13:00,697 log 10368 16304 Internal Server Error: /progress/training/1/progress/
Traceback (most recent call last):
  File "D:\DJANGO\FINAL YEAR PROJECTS\Josua\backend\.venv\Lib\site-packages\django\core\handlers\exception.py", line 55, in inner
    response = get_response(request)
               ^^^^^^^^^^^^^^^^^^^^^
  File "D:\DJANGO\FINAL YEAR PROJECTS\Josua\backend\.venv\Lib\site-packages\django\core\handlers\base.py", line 197, in _get_response
    response = wrapped_callback(request, *callback_args, **callback_kwargs)
               ^^^^^^^^^^^^^^^^^^^^^^^^^^^^^^^^^^^^^^^^^^^^^^^^^^^^^^^^^^^^
  File "D:\DJANGO\FINAL YEAR PROJECTS\Josua\backend\.venv\Lib\site-packages\django\views\decorators\csrf.py", line 65, in _view_wrapper
    return view_func(request, *args, **kwargs)
           ^^^^^^^^^^^^^^^^^^^^^^^^^^^^^^^^^^^
  File "D:\DJANGO\FINAL YEAR PROJECTS\Josua\backend\.venv\Lib\site-packages\django\views\generic\base.py", line 105, in view
    return self.dispatch(request, *args, **kwargs)
           ^^^^^^^^^^^^^^^^^^^^^^^^^^^^^^^^^^^^^^^
  File "D:\DJANGO\FINAL YEAR PROJECTS\Josua\backend\.venv\Lib\site-packages\rest_framework\views.py", line 515, in dispatch
    response = self.handle_exception(exc)
               ^^^^^^^^^^^^^^^^^^^^^^^^^^
  File "D:\DJANGO\FINAL YEAR PROJECTS\Josua\backend\.venv\Lib\site-packages\rest_framework\views.py", line 475, in handle_exception
    self.raise_uncaught_exception(exc)
  File "D:\DJANGO\FINAL YEAR PROJECTS\Josua\backend\.venv\Lib\site-packages\rest_framework\views.py", line 486, in raise_uncaught_exception
    raise exc
  File "D:\DJANGO\FINAL YEAR PROJECTS\Josua\backend\.venv\Lib\site-packages\rest_framework\views.py", line 512, in dispatch
    response = handler(request, *args, **kwargs)
               ^^^^^^^^^^^^^^^^^^^^^^^^^^^^^^^^^
  File "D:\DJANGO\FINAL YEAR PROJECTS\Josua\backend\.venv\Lib\site-packages\rest_framework\decorators.py", line 50, in handler
    return func(*args, **kwargs)
           ^^^^^^^^^^^^^^^^^^^^^
  File "D:\DJANGO\FINAL YEAR PROJECTS\Josua\backend\learningProgressApp\views.py", line 413, in get_training_progress
    return Response(serializer.data, status=status.HTTP_200_OK)
                    ^^^^^^^^^^^^^^^
  File "D:\DJANGO\FINAL YEAR PROJECTS\Josua\backend\.venv\Lib\site-packages\rest_framework\serializers.py", line 573, in data
    ret = super().data
          ^^^^^^^^^^^^
  File "D:\DJANGO\FINAL YEAR PROJECTS\Josua\backend\.venv\Lib\site-packages\rest_framework\serializers.py", line 251, in data
    self._data = self.to_representation(self.instance)
                 ^^^^^^^^^^^^^^^^^^^^^^^^^^^^^^^^^^^^^
  File "D:\DJANGO\FINAL YEAR PROJECTS\Josua\backend\.venv\Lib\site-packages\rest_framework\serializers.py", line 540, in to_representation
    ret[field.field_name] = field.to_representation(attribute)
                            ^^^^^^^^^^^^^^^^^^^^^^^^^^^^^^^^^^
  File "D:\DJANGO\FINAL YEAR PROJECTS\Josua\backend\.venv\Lib\site-packages\rest_framework\fields.py", line 1870, in to_representation
    return method(value)
           ^^^^^^^^^^^^^
  File "D:\DJANGO\FINAL YEAR PROJECTS\Josua\backend\learningProgressApp\serializers.py", line 62, in get_learner_name
    learner = obj.candidate.learner.user
              ^^^^^^^^^^^^^^^^^^^^^^^^^^
AttributeError: 'CustomUser' object has no attribute 'user'
ERROR 2026-02-07 17:13:01,036 log 10368 16304 Internal Server Error: /progress/training/1/progress/
Traceback (most recent call last):
  File "D:\DJANGO\FINAL YEAR PROJECTS\Josua\backend\.venv\Lib\site-packages\django\core\handlers\exception.py", line 55, in inner
    response = get_response(request)
               ^^^^^^^^^^^^^^^^^^^^^
  File "D:\DJANGO\FINAL YEAR PROJECTS\Josua\backend\.venv\Lib\site-packages\django\core\handlers\base.py", line 197, in _get_response
    response = wrapped_callback(request, *callback_args, **callback_kwargs)
               ^^^^^^^^^^^^^^^^^^^^^^^^^^^^^^^^^^^^^^^^^^^^^^^^^^^^^^^^^^^^
  File "D:\DJANGO\FINAL YEAR PROJECTS\Josua\backend\.venv\Lib\site-packages\django\views\decorators\csrf.py", line 65, in _view_wrapper
    return view_func(request, *args, **kwargs)
           ^^^^^^^^^^^^^^^^^^^^^^^^^^^^^^^^^^^
  File "D:\DJANGO\FINAL YEAR PROJECTS\Josua\backend\.venv\Lib\site-packages\django\views\generic\base.py", line 105, in view
    return self.dispatch(request, *args, **kwargs)
           ^^^^^^^^^^^^^^^^^^^^^^^^^^^^^^^^^^^^^^^
  File "D:\DJANGO\FINAL YEAR PROJECTS\Josua\backend\.venv\Lib\site-packages\rest_framework\views.py", line 515, in dispatch
    response = self.handle_exception(exc)
               ^^^^^^^^^^^^^^^^^^^^^^^^^^
  File "D:\DJANGO\FINAL YEAR PROJECTS\Josua\backend\.venv\Lib\site-packages\rest_framework\views.py", line 475, in handle_exception
    self.raise_uncaught_exception(exc)
  File "D:\DJANGO\FINAL YEAR PROJECTS\Josua\backend\.venv\Lib\site-packages\rest_framework\views.py", line 486, in raise_uncaught_exception
    raise exc
  File "D:\DJANGO\FINAL YEAR PROJECTS\Josua\backend\.venv\Lib\site-packages\rest_framework\views.py", line 512, in dispatch
    response = handler(request, *args, **kwargs)
               ^^^^^^^^^^^^^^^^^^^^^^^^^^^^^^^^^
  File "D:\DJANGO\FINAL YEAR PROJECTS\Josua\backend\.venv\Lib\site-packages\rest_framework\decorators.py", line 50, in handler
    return func(*args, **kwargs)
           ^^^^^^^^^^^^^^^^^^^^^
  File "D:\DJANGO\FINAL YEAR PROJECTS\Josua\backend\learningProgressApp\views.py", line 413, in get_training_progress
    return Response(serializer.data, status=status.HTTP_200_OK)
                    ^^^^^^^^^^^^^^^
  File "D:\DJANGO\FINAL YEAR PROJECTS\Josua\backend\.venv\Lib\site-packages\rest_framework\serializers.py", line 573, in data
    ret = super().data
          ^^^^^^^^^^^^
  File "D:\DJANGO\FINAL YEAR PROJECTS\Josua\backend\.venv\Lib\site-packages\rest_framework\serializers.py", line 251, in data
    self._data = self.to_representation(self.instance)
                 ^^^^^^^^^^^^^^^^^^^^^^^^^^^^^^^^^^^^^
  File "D:\DJANGO\FINAL YEAR PROJECTS\Josua\backend\.venv\Lib\site-packages\rest_framework\serializers.py", line 540, in to_representation
    ret[field.field_name] = field.to_representation(attribute)
                            ^^^^^^^^^^^^^^^^^^^^^^^^^^^^^^^^^^
  File "D:\DJANGO\FINAL YEAR PROJECTS\Josua\backend\.venv\Lib\site-packages\rest_framework\fields.py", line 1870, in to_representation
    return method(value)
           ^^^^^^^^^^^^^
  File "D:\DJANGO\FINAL YEAR PROJECTS\Josua\backend\learningProgressApp\serializers.py", line 62, in get_learner_name
    learner = obj.candidate.learner.user
              ^^^^^^^^^^^^^^^^^^^^^^^^^^
AttributeError: 'CustomUser' object has no attribute 'user'
ERROR 2026-02-07 17:24:17,287 log 15064 4980 Internal Server Error: /progress/module-completion/
ERROR 2026-02-07 22:11:06,831 log 12992 12324 Internal Server Error: /incidents/incidents/77/assignable-users/
ERROR 2026-02-07 22:13:13,514 log 9612 12656 Internal Server Error: /incidents/incidents/manual-assign/
ERROR 2026-02-07 22:17:08,337 log 11924 11432 Internal Server Error: /incidents/incidents/manual-assign/
ERROR 2026-02-07 22:23:34,807 log 5612 12692 Internal Server Error: /incidents/reports/generate/
ERROR 2026-02-07 23:36:02,612 log 368 2844 Internal Server Error: /reports/dashboard/export/
Traceback (most recent call last):
  File "D:\DJANGO\FINAL YEAR PROJECTS\Josua\backend\.venv\Lib\site-packages\django\core\handlers\exception.py", line 55, in inner
    response = get_response(request)
               ^^^^^^^^^^^^^^^^^^^^^
  File "D:\DJANGO\FINAL YEAR PROJECTS\Josua\backend\.venv\Lib\site-packages\django\core\handlers\base.py", line 197, in _get_response
    response = wrapped_callback(request, *callback_args, **callback_kwargs)
               ^^^^^^^^^^^^^^^^^^^^^^^^^^^^^^^^^^^^^^^^^^^^^^^^^^^^^^^^^^^^
  File "D:\DJANGO\FINAL YEAR PROJECTS\Josua\backend\.venv\Lib\site-packages\django\views\decorators\csrf.py", line 65, in _view_wrapper
    return view_func(request, *args, **kwargs)
           ^^^^^^^^^^^^^^^^^^^^^^^^^^^^^^^^^^^
  File "D:\DJANGO\FINAL YEAR PROJECTS\Josua\backend\.venv\Lib\site-packages\django\views\generic\base.py", line 105, in view
    return self.dispatch(request, *args, **kwargs)
           ^^^^^^^^^^^^^^^^^^^^^^^^^^^^^^^^^^^^^^^
  File "D:\DJANGO\FINAL YEAR PROJECTS\Josua\backend\.venv\Lib\site-packages\rest_framework\views.py", line 515, in dispatch
    response = self.handle_exception(exc)
               ^^^^^^^^^^^^^^^^^^^^^^^^^^
  File "D:\DJANGO\FINAL YEAR PROJECTS\Josua\backend\.venv\Lib\site-packages\rest_framework\views.py", line 475, in handle_exception
    self.raise_uncaught_exception(exc)
  File "D:\DJANGO\FINAL YEAR PROJECTS\Josua\backend\.venv\Lib\site-packages\rest_framework\views.py", line 486, in raise_uncaught_exception
    raise exc
  File "D:\DJANGO\FINAL YEAR PROJECTS\Josua\backend\.venv\Lib\site-packages\rest_framework\views.py", line 512, in dispatch
    response = handler(request, *args, **kwargs)
               ^^^^^^^^^^^^^^^^^^^^^^^^^^^^^^^^^
  File "D:\DJANGO\FINAL YEAR PROJECTS\Josua\backend\reportApp\views.py", line 812, in post
    data = dashboard_view.get_data(user, filters)
           ^^^^^^^^^^^^^^^^^^^^^^^
AttributeError: 'RoleBasedDashboardView' object has no attribute 'get_data'
ERROR 2026-02-07 23:36:32,733 log 368 3704 Internal Server Error: /reports/dashboard/
Traceback (most recent call last):
  File "D:\DJANGO\FINAL YEAR PROJECTS\Josua\backend\.venv\Lib\site-packages\django\core\handlers\exception.py", line 55, in inner
    response = get_response(request)
               ^^^^^^^^^^^^^^^^^^^^^
  File "D:\DJANGO\FINAL YEAR PROJECTS\Josua\backend\.venv\Lib\site-packages\django\core\handlers\base.py", line 197, in _get_response
    response = wrapped_callback(request, *callback_args, **callback_kwargs)
               ^^^^^^^^^^^^^^^^^^^^^^^^^^^^^^^^^^^^^^^^^^^^^^^^^^^^^^^^^^^^
  File "D:\DJANGO\FINAL YEAR PROJECTS\Josua\backend\.venv\Lib\site-packages\django\views\decorators\csrf.py", line 65, in _view_wrapper
    return view_func(request, *args, **kwargs)
           ^^^^^^^^^^^^^^^^^^^^^^^^^^^^^^^^^^^
  File "D:\DJANGO\FINAL YEAR PROJECTS\Josua\backend\.venv\Lib\site-packages\django\views\generic\base.py", line 105, in view
    return self.dispatch(request, *args, **kwargs)
           ^^^^^^^^^^^^^^^^^^^^^^^^^^^^^^^^^^^^^^^
  File "D:\DJANGO\FINAL YEAR PROJECTS\Josua\backend\.venv\Lib\site-packages\rest_framework\views.py", line 515, in dispatch
    response = self.handle_exception(exc)
               ^^^^^^^^^^^^^^^^^^^^^^^^^^
  File "D:\DJANGO\FINAL YEAR PROJECTS\Josua\backend\.venv\Lib\site-packages\rest_framework\views.py", line 475, in handle_exception
    self.raise_uncaught_exception(exc)
  File "D:\DJANGO\FINAL YEAR PROJECTS\Josua\backend\.venv\Lib\site-packages\rest_framework\views.py", line 486, in raise_uncaught_exception
    raise exc
  File "D:\DJANGO\FINAL YEAR PROJECTS\Josua\backend\.venv\Lib\site-packages\rest_framework\views.py", line 512, in dispatch
    response = handler(request, *args, **kwargs)
               ^^^^^^^^^^^^^^^^^^^^^^^^^^^^^^^^^
  File "D:\DJANGO\FINAL YEAR PROJECTS\Josua\backend\reportApp\views.py", line 739, in get
    'recent_activities': self.get_recent_activities(user, filters),
                         ^^^^^^^^^^^^^^^^^^^^^^^^^^^^^^^^^^^^^^^^^
  File "D:\DJANGO\FINAL YEAR PROJECTS\Josua\backend\reportApp\views.py", line 428, in get_recent_activities
    activity_qs = activity_qs.filter(user=user)
                  ^^^^^^^^^^^^^^^^^^^^^^^^^^^^^
  File "D:\DJANGO\FINAL YEAR PROJECTS\Josua\backend\.venv\Lib\site-packages\django\db\models\query.py", line 1495, in filter
    return self._filter_or_exclude(False, args, kwargs)
           ^^^^^^^^^^^^^^^^^^^^^^^^^^^^^^^^^^^^^^^^^^^^
  File "D:\DJANGO\FINAL YEAR PROJECTS\Josua\backend\.venv\Lib\site-packages\django\db\models\query.py", line 1507, in _filter_or_exclude
    raise TypeError("Cannot filter a query once a slice has been taken.")
TypeError: Cannot filter a query once a slice has been taken.
ERROR 2026-02-07 23:36:33,332 log 368 12880 Internal Server Error: /reports/dashboard/
Traceback (most recent call last):
  File "D:\DJANGO\FINAL YEAR PROJECTS\Josua\backend\.venv\Lib\site-packages\django\core\handlers\exception.py", line 55, in inner
    response = get_response(request)
               ^^^^^^^^^^^^^^^^^^^^^
  File "D:\DJANGO\FINAL YEAR PROJECTS\Josua\backend\.venv\Lib\site-packages\django\core\handlers\base.py", line 197, in _get_response
    response = wrapped_callback(request, *callback_args, **callback_kwargs)
               ^^^^^^^^^^^^^^^^^^^^^^^^^^^^^^^^^^^^^^^^^^^^^^^^^^^^^^^^^^^^
  File "D:\DJANGO\FINAL YEAR PROJECTS\Josua\backend\.venv\Lib\site-packages\django\views\decorators\csrf.py", line 65, in _view_wrapper
    return view_func(request, *args, **kwargs)
           ^^^^^^^^^^^^^^^^^^^^^^^^^^^^^^^^^^^
  File "D:\DJANGO\FINAL YEAR PROJECTS\Josua\backend\.venv\Lib\site-packages\django\views\generic\base.py", line 105, in view
    return self.dispatch(request, *args, **kwargs)
           ^^^^^^^^^^^^^^^^^^^^^^^^^^^^^^^^^^^^^^^
  File "D:\DJANGO\FINAL YEAR PROJECTS\Josua\backend\.venv\Lib\site-packages\rest_framework\views.py", line 515, in dispatch
    response = self.handle_exception(exc)
               ^^^^^^^^^^^^^^^^^^^^^^^^^^
  File "D:\DJANGO\FINAL YEAR PROJECTS\Josua\backend\.venv\Lib\site-packages\rest_framework\views.py", line 475, in handle_exception
    self.raise_uncaught_exception(exc)
  File "D:\DJANGO\FINAL YEAR PROJECTS\Josua\backend\.venv\Lib\site-packages\rest_framework\views.py", line 486, in raise_uncaught_exception
    raise exc
  File "D:\DJANGO\FINAL YEAR PROJECTS\Josua\backend\.venv\Lib\site-packages\rest_framework\views.py", line 512, in dispatch
    response = handler(request, *args, **kwargs)
               ^^^^^^^^^^^^^^^^^^^^^^^^^^^^^^^^^
  File "D:\DJANGO\FINAL YEAR PROJECTS\Josua\backend\reportApp\views.py", line 739, in get
    'recent_activities': self.get_recent_activities(user, filters),
                         ^^^^^^^^^^^^^^^^^^^^^^^^^^^^^^^^^^^^^^^^^
  File "D:\DJANGO\FINAL YEAR PROJECTS\Josua\backend\reportApp\views.py", line 428, in get_recent_activities
    activity_qs = activity_qs.filter(user=user)
                  ^^^^^^^^^^^^^^^^^^^^^^^^^^^^^
  File "D:\DJANGO\FINAL YEAR PROJECTS\Josua\backend\.venv\Lib\site-packages\django\db\models\query.py", line 1495, in filter
    return self._filter_or_exclude(False, args, kwargs)
           ^^^^^^^^^^^^^^^^^^^^^^^^^^^^^^^^^^^^^^^^^^^^
  File "D:\DJANGO\FINAL YEAR PROJECTS\Josua\backend\.venv\Lib\site-packages\django\db\models\query.py", line 1507, in _filter_or_exclude
    raise TypeError("Cannot filter a query once a slice has been taken.")
TypeError: Cannot filter a query once a slice has been taken.
ERROR 2026-02-07 23:37:02,275 log 368 12880 Internal Server Error: /reports/dashboard/export/
Traceback (most recent call last):
  File "D:\DJANGO\FINAL YEAR PROJECTS\Josua\backend\.venv\Lib\site-packages\django\core\handlers\exception.py", line 55, in inner
    response = get_response(request)
               ^^^^^^^^^^^^^^^^^^^^^
  File "D:\DJANGO\FINAL YEAR PROJECTS\Josua\backend\.venv\Lib\site-packages\django\core\handlers\base.py", line 197, in _get_response
    response = wrapped_callback(request, *callback_args, **callback_kwargs)
               ^^^^^^^^^^^^^^^^^^^^^^^^^^^^^^^^^^^^^^^^^^^^^^^^^^^^^^^^^^^^
  File "D:\DJANGO\FINAL YEAR PROJECTS\Josua\backend\.venv\Lib\site-packages\django\views\decorators\csrf.py", line 65, in _view_wrapper
    return view_func(request, *args, **kwargs)
           ^^^^^^^^^^^^^^^^^^^^^^^^^^^^^^^^^^^
  File "D:\DJANGO\FINAL YEAR PROJECTS\Josua\backend\.venv\Lib\site-packages\django\views\generic\base.py", line 105, in view
    return self.dispatch(request, *args, **kwargs)
           ^^^^^^^^^^^^^^^^^^^^^^^^^^^^^^^^^^^^^^^
  File "D:\DJANGO\FINAL YEAR PROJECTS\Josua\backend\.venv\Lib\site-packages\rest_framework\views.py", line 515, in dispatch
    response = self.handle_exception(exc)
               ^^^^^^^^^^^^^^^^^^^^^^^^^^
  File "D:\DJANGO\FINAL YEAR PROJECTS\Josua\backend\.venv\Lib\site-packages\rest_framework\views.py", line 475, in handle_exception
    self.raise_uncaught_exception(exc)
  File "D:\DJANGO\FINAL YEAR PROJECTS\Josua\backend\.venv\Lib\site-packages\rest_framework\views.py", line 486, in raise_uncaught_exception
    raise exc
  File "D:\DJANGO\FINAL YEAR PROJECTS\Josua\backend\.venv\Lib\site-packages\rest_framework\views.py", line 512, in dispatch
    response = handler(request, *args, **kwargs)
               ^^^^^^^^^^^^^^^^^^^^^^^^^^^^^^^^^
  File "D:\DJANGO\FINAL YEAR PROJECTS\Josua\backend\reportApp\views.py", line 812, in post
    data = dashboard_view.get_data(user, filters)
           ^^^^^^^^^^^^^^^^^^^^^^^
AttributeError: 'RoleBasedDashboardView' object has no attribute 'get_data'
ERROR 2026-02-07 23:37:02,830 log 368 12880 Internal Server Error: /reports/dashboard/export/
Traceback (most recent call last):
  File "D:\DJANGO\FINAL YEAR PROJECTS\Josua\backend\.venv\Lib\site-packages\django\core\handlers\exception.py", line 55, in inner
    response = get_response(request)
               ^^^^^^^^^^^^^^^^^^^^^
  File "D:\DJANGO\FINAL YEAR PROJECTS\Josua\backend\.venv\Lib\site-packages\django\core\handlers\base.py", line 197, in _get_response
    response = wrapped_callback(request, *callback_args, **callback_kwargs)
               ^^^^^^^^^^^^^^^^^^^^^^^^^^^^^^^^^^^^^^^^^^^^^^^^^^^^^^^^^^^^
  File "D:\DJANGO\FINAL YEAR PROJECTS\Josua\backend\.venv\Lib\site-packages\django\views\decorators\csrf.py", line 65, in _view_wrapper
    return view_func(request, *args, **kwargs)
           ^^^^^^^^^^^^^^^^^^^^^^^^^^^^^^^^^^^
  File "D:\DJANGO\FINAL YEAR PROJECTS\Josua\backend\.venv\Lib\site-packages\django\views\generic\base.py", line 105, in view
    return self.dispatch(request, *args, **kwargs)
           ^^^^^^^^^^^^^^^^^^^^^^^^^^^^^^^^^^^^^^^
  File "D:\DJANGO\FINAL YEAR PROJECTS\Josua\backend\.venv\Lib\site-packages\rest_framework\views.py", line 515, in dispatch
    response = self.handle_exception(exc)
               ^^^^^^^^^^^^^^^^^^^^^^^^^^
  File "D:\DJANGO\FINAL YEAR PROJECTS\Josua\backend\.venv\Lib\site-packages\rest_framework\views.py", line 475, in handle_exception
    self.raise_uncaught_exception(exc)
  File "D:\DJANGO\FINAL YEAR PROJECTS\Josua\backend\.venv\Lib\site-packages\rest_framework\views.py", line 486, in raise_uncaught_exception
    raise exc
  File "D:\DJANGO\FINAL YEAR PROJECTS\Josua\backend\.venv\Lib\site-packages\rest_framework\views.py", line 512, in dispatch
    response = handler(request, *args, **kwargs)
               ^^^^^^^^^^^^^^^^^^^^^^^^^^^^^^^^^
  File "D:\DJANGO\FINAL YEAR PROJECTS\Josua\backend\reportApp\views.py", line 812, in post
    data = dashboard_view.get_data(user, filters)
           ^^^^^^^^^^^^^^^^^^^^^^^
AttributeError: 'RoleBasedDashboardView' object has no attribute 'get_data'
ERROR 2026-02-07 23:56:08,630 log 12292 12156 Internal Server Error: /reports/dashboard/
Traceback (most recent call last):
  File "D:\DJANGO\FINAL YEAR PROJECTS\Josua\backend\.venv\Lib\site-packages\django\core\handlers\exception.py", line 55, in inner
    response = get_response(request)
               ^^^^^^^^^^^^^^^^^^^^^
  File "D:\DJANGO\FINAL YEAR PROJECTS\Josua\backend\.venv\Lib\site-packages\django\core\handlers\base.py", line 197, in _get_response
    response = wrapped_callback(request, *callback_args, **callback_kwargs)
               ^^^^^^^^^^^^^^^^^^^^^^^^^^^^^^^^^^^^^^^^^^^^^^^^^^^^^^^^^^^^
  File "D:\DJANGO\FINAL YEAR PROJECTS\Josua\backend\.venv\Lib\site-packages\django\views\decorators\csrf.py", line 65, in _view_wrapper
    return view_func(request, *args, **kwargs)
           ^^^^^^^^^^^^^^^^^^^^^^^^^^^^^^^^^^^
  File "D:\DJANGO\FINAL YEAR PROJECTS\Josua\backend\.venv\Lib\site-packages\django\views\generic\base.py", line 105, in view
    return self.dispatch(request, *args, **kwargs)
           ^^^^^^^^^^^^^^^^^^^^^^^^^^^^^^^^^^^^^^^
  File "D:\DJANGO\FINAL YEAR PROJECTS\Josua\backend\.venv\Lib\site-packages\rest_framework\views.py", line 515, in dispatch
    response = self.handle_exception(exc)
               ^^^^^^^^^^^^^^^^^^^^^^^^^^
  File "D:\DJANGO\FINAL YEAR PROJECTS\Josua\backend\.venv\Lib\site-packages\rest_framework\views.py", line 475, in handle_exception
    self.raise_uncaught_exception(exc)
  File "D:\DJANGO\FINAL YEAR PROJECTS\Josua\backend\.venv\Lib\site-packages\rest_framework\views.py", line 486, in raise_uncaught_exception
    raise exc
  File "D:\DJANGO\FINAL YEAR PROJECTS\Josua\backend\.venv\Lib\site-packages\rest_framework\views.py", line 512, in dispatch
    response = handler(request, *args, **kwargs)
               ^^^^^^^^^^^^^^^^^^^^^^^^^^^^^^^^^
  File "D:\DJANGO\FINAL YEAR PROJECTS\Josua\backend\reportApp\views.py", line 775, in get
    'user_activities': self.get_user_activities(user, filters),
                       ^^^^^^^^^^^^^^^^^^^^^^^^^^^^^^^^^^^^^^^
  File "D:\DJANGO\FINAL YEAR PROJECTS\Josua\backend\reportApp\views.py", line 645, in get_user_activities
    return sorted(
           ^^^^^^^
TypeError: can't compare offset-naive and offset-aware datetimes
ERROR 2026-02-07 23:56:09,684 log 12292 8904 Internal Server Error: /reports/dashboard/
Traceback (most recent call last):
  File "D:\DJANGO\FINAL YEAR PROJECTS\Josua\backend\.venv\Lib\site-packages\django\core\handlers\exception.py", line 55, in inner
    response = get_response(request)
               ^^^^^^^^^^^^^^^^^^^^^
  File "D:\DJANGO\FINAL YEAR PROJECTS\Josua\backend\.venv\Lib\site-packages\django\core\handlers\base.py", line 197, in _get_response
    response = wrapped_callback(request, *callback_args, **callback_kwargs)
               ^^^^^^^^^^^^^^^^^^^^^^^^^^^^^^^^^^^^^^^^^^^^^^^^^^^^^^^^^^^^
  File "D:\DJANGO\FINAL YEAR PROJECTS\Josua\backend\.venv\Lib\site-packages\django\views\decorators\csrf.py", line 65, in _view_wrapper
    return view_func(request, *args, **kwargs)
           ^^^^^^^^^^^^^^^^^^^^^^^^^^^^^^^^^^^
  File "D:\DJANGO\FINAL YEAR PROJECTS\Josua\backend\.venv\Lib\site-packages\django\views\generic\base.py", line 105, in view
    return self.dispatch(request, *args, **kwargs)
           ^^^^^^^^^^^^^^^^^^^^^^^^^^^^^^^^^^^^^^^
  File "D:\DJANGO\FINAL YEAR PROJECTS\Josua\backend\.venv\Lib\site-packages\rest_framework\views.py", line 515, in dispatch
    response = self.handle_exception(exc)
               ^^^^^^^^^^^^^^^^^^^^^^^^^^
  File "D:\DJANGO\FINAL YEAR PROJECTS\Josua\backend\.venv\Lib\site-packages\rest_framework\views.py", line 475, in handle_exception
    self.raise_uncaught_exception(exc)
  File "D:\DJANGO\FINAL YEAR PROJECTS\Josua\backend\.venv\Lib\site-packages\rest_framework\views.py", line 486, in raise_uncaught_exception
    raise exc
  File "D:\DJANGO\FINAL YEAR PROJECTS\Josua\backend\.venv\Lib\site-packages\rest_framework\views.py", line 512, in dispatch
    response = handler(request, *args, **kwargs)
               ^^^^^^^^^^^^^^^^^^^^^^^^^^^^^^^^^
  File "D:\DJANGO\FINAL YEAR PROJECTS\Josua\backend\reportApp\views.py", line 775, in get
    'user_activities': self.get_user_activities(user, filters),
                       ^^^^^^^^^^^^^^^^^^^^^^^^^^^^^^^^^^^^^^^
  File "D:\DJANGO\FINAL YEAR PROJECTS\Josua\backend\reportApp\views.py", line 645, in get_user_activities
    return sorted(
           ^^^^^^^
TypeError: can't compare offset-naive and offset-aware datetimes
ERROR 2026-02-07 23:57:19,046 log 12292 8904 Internal Server Error: /reports/dashboard/export/
ERROR 2026-02-08 00:05:45,069 log 3864 9288 Internal Server Error: /reports/dashboard/
Traceback (most recent call last):
  File "D:\DJANGO\FINAL YEAR PROJECTS\Josua\backend\.venv\Lib\site-packages\django\core\handlers\exception.py", line 55, in inner
    response = get_response(request)
               ^^^^^^^^^^^^^^^^^^^^^
  File "D:\DJANGO\FINAL YEAR PROJECTS\Josua\backend\.venv\Lib\site-packages\django\core\handlers\base.py", line 197, in _get_response
    response = wrapped_callback(request, *callback_args, **callback_kwargs)
               ^^^^^^^^^^^^^^^^^^^^^^^^^^^^^^^^^^^^^^^^^^^^^^^^^^^^^^^^^^^^
  File "D:\DJANGO\FINAL YEAR PROJECTS\Josua\backend\.venv\Lib\site-packages\django\views\decorators\csrf.py", line 65, in _view_wrapper
    return view_func(request, *args, **kwargs)
           ^^^^^^^^^^^^^^^^^^^^^^^^^^^^^^^^^^^
  File "D:\DJANGO\FINAL YEAR PROJECTS\Josua\backend\.venv\Lib\site-packages\django\views\generic\base.py", line 105, in view
    return self.dispatch(request, *args, **kwargs)
           ^^^^^^^^^^^^^^^^^^^^^^^^^^^^^^^^^^^^^^^
  File "D:\DJANGO\FINAL YEAR PROJECTS\Josua\backend\.venv\Lib\site-packages\rest_framework\views.py", line 515, in dispatch
    response = self.handle_exception(exc)
               ^^^^^^^^^^^^^^^^^^^^^^^^^^
  File "D:\DJANGO\FINAL YEAR PROJECTS\Josua\backend\.venv\Lib\site-packages\rest_framework\views.py", line 475, in handle_exception
    self.raise_uncaught_exception(exc)
  File "D:\DJANGO\FINAL YEAR PROJECTS\Josua\backend\.venv\Lib\site-packages\rest_framework\views.py", line 486, in raise_uncaught_exception
    raise exc
  File "D:\DJANGO\FINAL YEAR PROJECTS\Josua\backend\.venv\Lib\site-packages\rest_framework\views.py", line 512, in dispatch
    response = handler(request, *args, **kwargs)
               ^^^^^^^^^^^^^^^^^^^^^^^^^^^^^^^^^
  File "D:\DJANGO\FINAL YEAR PROJECTS\Josua\backend\reportApp\views.py", line 775, in get
    'user_activities': self.get_user_activities(user, filters),
                       ^^^^^^^^^^^^^^^^^^^^^^^^^^^^^^^^^^^^^^^
  File "D:\DJANGO\FINAL YEAR PROJECTS\Josua\backend\reportApp\views.py", line 645, in get_user_activities
    return sorted(
           ^^^^^^^
TypeError: can't compare offset-naive and offset-aware datetimes
ERROR 2026-02-08 00:05:45,770 log 3864 12460 Internal Server Error: /reports/dashboard/
Traceback (most recent call last):
  File "D:\DJANGO\FINAL YEAR PROJECTS\Josua\backend\.venv\Lib\site-packages\django\core\handlers\exception.py", line 55, in inner
    response = get_response(request)
               ^^^^^^^^^^^^^^^^^^^^^
  File "D:\DJANGO\FINAL YEAR PROJECTS\Josua\backend\.venv\Lib\site-packages\django\core\handlers\base.py", line 197, in _get_response
    response = wrapped_callback(request, *callback_args, **callback_kwargs)
               ^^^^^^^^^^^^^^^^^^^^^^^^^^^^^^^^^^^^^^^^^^^^^^^^^^^^^^^^^^^^
  File "D:\DJANGO\FINAL YEAR PROJECTS\Josua\backend\.venv\Lib\site-packages\django\views\decorators\csrf.py", line 65, in _view_wrapper
    return view_func(request, *args, **kwargs)
           ^^^^^^^^^^^^^^^^^^^^^^^^^^^^^^^^^^^
  File "D:\DJANGO\FINAL YEAR PROJECTS\Josua\backend\.venv\Lib\site-packages\django\views\generic\base.py", line 105, in view
    return self.dispatch(request, *args, **kwargs)
           ^^^^^^^^^^^^^^^^^^^^^^^^^^^^^^^^^^^^^^^
  File "D:\DJANGO\FINAL YEAR PROJECTS\Josua\backend\.venv\Lib\site-packages\rest_framework\views.py", line 515, in dispatch
    response = self.handle_exception(exc)
               ^^^^^^^^^^^^^^^^^^^^^^^^^^
  File "D:\DJANGO\FINAL YEAR PROJECTS\Josua\backend\.venv\Lib\site-packages\rest_framework\views.py", line 475, in handle_exception
    self.raise_uncaught_exception(exc)
  File "D:\DJANGO\FINAL YEAR PROJECTS\Josua\backend\.venv\Lib\site-packages\rest_framework\views.py", line 486, in raise_uncaught_exception
    raise exc
  File "D:\DJANGO\FINAL YEAR PROJECTS\Josua\backend\.venv\Lib\site-packages\rest_framework\views.py", line 512, in dispatch
    response = handler(request, *args, **kwargs)
               ^^^^^^^^^^^^^^^^^^^^^^^^^^^^^^^^^
  File "D:\DJANGO\FINAL YEAR PROJECTS\Josua\backend\reportApp\views.py", line 775, in get
    'user_activities': self.get_user_activities(user, filters),
                       ^^^^^^^^^^^^^^^^^^^^^^^^^^^^^^^^^^^^^^^
  File "D:\DJANGO\FINAL YEAR PROJECTS\Josua\backend\reportApp\views.py", line 645, in get_user_activities
    return sorted(
           ^^^^^^^
TypeError: can't compare offset-naive and offset-aware datetimes
ERROR 2026-02-08 01:42:52,550 log 7496 7704 Internal Server Error: /auth/login-with-otp/request/
ERROR 2026-02-08 01:43:27,446 log 7496 6648 Internal Server Error: /reports/dashboard/
Traceback (most recent call last):
  File "D:\DJANGO\FINAL YEAR PROJECTS\Josua\backend\reportApp\views.py", line 794, in get
    audit_stats = data_service.get_audit_statistics(start_date, end_date, department_id)
                  ^^^^^^^^^^^^^^^^^^^^^^^^^^^^^^^^^^^^^^^^^^^^^^^^^^^^^^^^^^^^^^^^^^^^^^
  File "D:\DJANGO\FINAL YEAR PROJECTS\Josua\backend\reportApp\views.py", line 219, in get_audit_statistics
    audit_qs = self.get_audit_queryset(start_date, end_date, department_id)
               ^^^^^^^^^^^^^^^^^^^^^^^^^^^^^^^^^^^^^^^^^^^^^^^^^^^^^^^^^^^^
  File "D:\DJANGO\FINAL YEAR PROJECTS\Josua\backend\reportApp\views.py", line 155, in get_audit_queryset
    qs = qs.filter(departments__in=Department.objects.filter(dept_filter))
                                   ^^^^^^^^^^^^^^^^^^^^^^^^^^^^^^^^^^^^^^
  File "D:\DJANGO\FINAL YEAR PROJECTS\Josua\backend\.venv\Lib\site-packages\django\db\models\manager.py", line 87, in manager_method
    return getattr(self.get_queryset(), name)(*args, **kwargs)
           ^^^^^^^^^^^^^^^^^^^^^^^^^^^^^^^^^^^^^^^^^^^^^^^^^^^
  File "D:\DJANGO\FINAL YEAR PROJECTS\Josua\backend\.venv\Lib\site-packages\django\db\models\query.py", line 1495, in filter
    return self._filter_or_exclude(False, args, kwargs)
           ^^^^^^^^^^^^^^^^^^^^^^^^^^^^^^^^^^^^^^^^^^^^
  File "D:\DJANGO\FINAL YEAR PROJECTS\Josua\backend\.venv\Lib\site-packages\django\db\models\query.py", line 1513, in _filter_or_exclude
    clone._filter_or_exclude_inplace(negate, args, kwargs)
  File "D:\DJANGO\FINAL YEAR PROJECTS\Josua\backend\.venv\Lib\site-packages\django\db\models\query.py", line 1523, in _filter_or_exclude_inplace
    self._query.add_q(Q(*args, **kwargs))
  File "D:\DJANGO\FINAL YEAR PROJECTS\Josua\backend\.venv\Lib\site-packages\django\db\models\sql\query.py", line 1646, in add_q
    clause, _ = self._add_q(q_object, can_reuse)
                ^^^^^^^^^^^^^^^^^^^^^^^^^^^^^^^^
  File "D:\DJANGO\FINAL YEAR PROJECTS\Josua\backend\.venv\Lib\site-packages\django\db\models\sql\query.py", line 1678, in _add_q
    child_clause, needed_inner = self.build_filter(
                                 ^^^^^^^^^^^^^^^^^^
  File "D:\DJANGO\FINAL YEAR PROJECTS\Josua\backend\.venv\Lib\site-packages\django\db\models\sql\query.py", line 1503, in build_filter
    return self._add_q(
           ^^^^^^^^^^^^
  File "D:\DJANGO\FINAL YEAR PROJECTS\Josua\backend\.venv\Lib\site-packages\django\db\models\sql\query.py", line 1678, in _add_q
    child_clause, needed_inner = self.build_filter(
                                 ^^^^^^^^^^^^^^^^^^
  File "D:\DJANGO\FINAL YEAR PROJECTS\Josua\backend\.venv\Lib\site-packages\django\db\models\sql\query.py", line 1526, in build_filter
    lookups, parts, reffed_expression = self.solve_lookup_type(arg, summarize)
                                        ^^^^^^^^^^^^^^^^^^^^^^^^^^^^^^^^^^^^^^
  File "D:\DJANGO\FINAL YEAR PROJECTS\Josua\backend\.venv\Lib\site-packages\django\db\models\sql\query.py", line 1333, in solve_lookup_type
    _, field, _, lookup_parts = self.names_to_path(lookup_splitted, self.get_meta())
                                ^^^^^^^^^^^^^^^^^^^^^^^^^^^^^^^^^^^^^^^^^^^^^^^^^^^^
  File "D:\DJANGO\FINAL YEAR PROJECTS\Josua\backend\.venv\Lib\site-packages\django\db\models\sql\query.py", line 1806, in names_to_path
    raise FieldError(
django.core.exceptions.FieldError: Cannot resolve keyword 'department' into field. Choices are: compliance_audits, created_at, created_by, created_by_id, description, id, incidents, name, security_analysts, status, updated_at, userlog, users

During handling of the above exception, another exception occurred:

Traceback (most recent call last):
  File "D:\DJANGO\FINAL YEAR PROJECTS\Josua\backend\.venv\Lib\site-packages\django\core\handlers\exception.py", line 55, in inner
    response = get_response(request)
               ^^^^^^^^^^^^^^^^^^^^^
  File "D:\DJANGO\FINAL YEAR PROJECTS\Josua\backend\.venv\Lib\site-packages\django\core\handlers\base.py", line 197, in _get_response
    response = wrapped_callback(request, *callback_args, **callback_kwargs)
               ^^^^^^^^^^^^^^^^^^^^^^^^^^^^^^^^^^^^^^^^^^^^^^^^^^^^^^^^^^^^
  File "D:\DJANGO\FINAL YEAR PROJECTS\Josua\backend\.venv\Lib\site-packages\django\views\decorators\csrf.py", line 65, in _view_wrapper
    return view_func(request, *args, **kwargs)
           ^^^^^^^^^^^^^^^^^^^^^^^^^^^^^^^^^^^
  File "D:\DJANGO\FINAL YEAR PROJECTS\Josua\backend\.venv\Lib\site-packages\django\views\generic\base.py", line 105, in view
    return self.dispatch(request, *args, **kwargs)
           ^^^^^^^^^^^^^^^^^^^^^^^^^^^^^^^^^^^^^^^
  File "D:\DJANGO\FINAL YEAR PROJECTS\Josua\backend\.venv\Lib\site-packages\rest_framework\views.py", line 515, in dispatch
    response = self.handle_exception(exc)
               ^^^^^^^^^^^^^^^^^^^^^^^^^^
  File "D:\DJANGO\FINAL YEAR PROJECTS\Josua\backend\.venv\Lib\site-packages\rest_framework\views.py", line 475, in handle_exception
    self.raise_uncaught_exception(exc)
  File "D:\DJANGO\FINAL YEAR PROJECTS\Josua\backend\.venv\Lib\site-packages\rest_framework\views.py", line 486, in raise_uncaught_exception
    raise exc
  File "D:\DJANGO\FINAL YEAR PROJECTS\Josua\backend\.venv\Lib\site-packages\rest_framework\views.py", line 512, in dispatch
    response = handler(request, *args, **kwargs)
               ^^^^^^^^^^^^^^^^^^^^^^^^^^^^^^^^^
  File "D:\DJANGO\FINAL YEAR PROJECTS\Josua\backend\reportApp\views.py", line 846, in get
    status=status.HTTP_500_INTERNAL_SERVER_ERROR
           ^^^^^^^^^^^^^^^^^^^^^^^^^^^^^^^^^^^^^
AttributeError: 'NoneType' object has no attribute 'HTTP_500_INTERNAL_SERVER_ERROR'
ERROR 2026-02-08 01:43:27,802 log 7496 7704 Internal Server Error: /reports/dashboard/
Traceback (most recent call last):
  File "D:\DJANGO\FINAL YEAR PROJECTS\Josua\backend\reportApp\views.py", line 794, in get
    audit_stats = data_service.get_audit_statistics(start_date, end_date, department_id)
                  ^^^^^^^^^^^^^^^^^^^^^^^^^^^^^^^^^^^^^^^^^^^^^^^^^^^^^^^^^^^^^^^^^^^^^^
  File "D:\DJANGO\FINAL YEAR PROJECTS\Josua\backend\reportApp\views.py", line 219, in get_audit_statistics
    audit_qs = self.get_audit_queryset(start_date, end_date, department_id)
               ^^^^^^^^^^^^^^^^^^^^^^^^^^^^^^^^^^^^^^^^^^^^^^^^^^^^^^^^^^^^
  File "D:\DJANGO\FINAL YEAR PROJECTS\Josua\backend\reportApp\views.py", line 155, in get_audit_queryset
    qs = qs.filter(departments__in=Department.objects.filter(dept_filter))
                                   ^^^^^^^^^^^^^^^^^^^^^^^^^^^^^^^^^^^^^^
  File "D:\DJANGO\FINAL YEAR PROJECTS\Josua\backend\.venv\Lib\site-packages\django\db\models\manager.py", line 87, in manager_method
    return getattr(self.get_queryset(), name)(*args, **kwargs)
           ^^^^^^^^^^^^^^^^^^^^^^^^^^^^^^^^^^^^^^^^^^^^^^^^^^^
  File "D:\DJANGO\FINAL YEAR PROJECTS\Josua\backend\.venv\Lib\site-packages\django\db\models\query.py", line 1495, in filter
    return self._filter_or_exclude(False, args, kwargs)
           ^^^^^^^^^^^^^^^^^^^^^^^^^^^^^^^^^^^^^^^^^^^^
  File "D:\DJANGO\FINAL YEAR PROJECTS\Josua\backend\.venv\Lib\site-packages\django\db\models\query.py", line 1513, in _filter_or_exclude
    clone._filter_or_exclude_inplace(negate, args, kwargs)
  File "D:\DJANGO\FINAL YEAR PROJECTS\Josua\backend\.venv\Lib\site-packages\django\db\models\query.py", line 1523, in _filter_or_exclude_inplace
    self._query.add_q(Q(*args, **kwargs))
  File "D:\DJANGO\FINAL YEAR PROJECTS\Josua\backend\.venv\Lib\site-packages\django\db\models\sql\query.py", line 1646, in add_q
    clause, _ = self._add_q(q_object, can_reuse)
                ^^^^^^^^^^^^^^^^^^^^^^^^^^^^^^^^
  File "D:\DJANGO\FINAL YEAR PROJECTS\Josua\backend\.venv\Lib\site-packages\django\db\models\sql\query.py", line 1678, in _add_q
    child_clause, needed_inner = self.build_filter(
                                 ^^^^^^^^^^^^^^^^^^
  File "D:\DJANGO\FINAL YEAR PROJECTS\Josua\backend\.venv\Lib\site-packages\django\db\models\sql\query.py", line 1503, in build_filter
    return self._add_q(
           ^^^^^^^^^^^^
  File "D:\DJANGO\FINAL YEAR PROJECTS\Josua\backend\.venv\Lib\site-packages\django\db\models\sql\query.py", line 1678, in _add_q
    child_clause, needed_inner = self.build_filter(
                                 ^^^^^^^^^^^^^^^^^^
  File "D:\DJANGO\FINAL YEAR PROJECTS\Josua\backend\.venv\Lib\site-packages\django\db\models\sql\query.py", line 1526, in build_filter
    lookups, parts, reffed_expression = self.solve_lookup_type(arg, summarize)
                                        ^^^^^^^^^^^^^^^^^^^^^^^^^^^^^^^^^^^^^^
  File "D:\DJANGO\FINAL YEAR PROJECTS\Josua\backend\.venv\Lib\site-packages\django\db\models\sql\query.py", line 1333, in solve_lookup_type
    _, field, _, lookup_parts = self.names_to_path(lookup_splitted, self.get_meta())
                                ^^^^^^^^^^^^^^^^^^^^^^^^^^^^^^^^^^^^^^^^^^^^^^^^^^^^
  File "D:\DJANGO\FINAL YEAR PROJECTS\Josua\backend\.venv\Lib\site-packages\django\db\models\sql\query.py", line 1806, in names_to_path
    raise FieldError(
django.core.exceptions.FieldError: Cannot resolve keyword 'department' into field. Choices are: compliance_audits, created_at, created_by, created_by_id, description, id, incidents, name, security_analysts, status, updated_at, userlog, users

During handling of the above exception, another exception occurred:

Traceback (most recent call last):
  File "D:\DJANGO\FINAL YEAR PROJECTS\Josua\backend\.venv\Lib\site-packages\django\core\handlers\exception.py", line 55, in inner
    response = get_response(request)
               ^^^^^^^^^^^^^^^^^^^^^
  File "D:\DJANGO\FINAL YEAR PROJECTS\Josua\backend\.venv\Lib\site-packages\django\core\handlers\base.py", line 197, in _get_response
    response = wrapped_callback(request, *callback_args, **callback_kwargs)
               ^^^^^^^^^^^^^^^^^^^^^^^^^^^^^^^^^^^^^^^^^^^^^^^^^^^^^^^^^^^^
  File "D:\DJANGO\FINAL YEAR PROJECTS\Josua\backend\.venv\Lib\site-packages\django\views\decorators\csrf.py", line 65, in _view_wrapper
    return view_func(request, *args, **kwargs)
           ^^^^^^^^^^^^^^^^^^^^^^^^^^^^^^^^^^^
  File "D:\DJANGO\FINAL YEAR PROJECTS\Josua\backend\.venv\Lib\site-packages\django\views\generic\base.py", line 105, in view
    return self.dispatch(request, *args, **kwargs)
           ^^^^^^^^^^^^^^^^^^^^^^^^^^^^^^^^^^^^^^^
  File "D:\DJANGO\FINAL YEAR PROJECTS\Josua\backend\.venv\Lib\site-packages\rest_framework\views.py", line 515, in dispatch
    response = self.handle_exception(exc)
               ^^^^^^^^^^^^^^^^^^^^^^^^^^
  File "D:\DJANGO\FINAL YEAR PROJECTS\Josua\backend\.venv\Lib\site-packages\rest_framework\views.py", line 475, in handle_exception
    self.raise_uncaught_exception(exc)
  File "D:\DJANGO\FINAL YEAR PROJECTS\Josua\backend\.venv\Lib\site-packages\rest_framework\views.py", line 486, in raise_uncaught_exception
    raise exc
  File "D:\DJANGO\FINAL YEAR PROJECTS\Josua\backend\.venv\Lib\site-packages\rest_framework\views.py", line 512, in dispatch
    response = handler(request, *args, **kwargs)
               ^^^^^^^^^^^^^^^^^^^^^^^^^^^^^^^^^
  File "D:\DJANGO\FINAL YEAR PROJECTS\Josua\backend\reportApp\views.py", line 846, in get
    status=status.HTTP_500_INTERNAL_SERVER_ERROR
           ^^^^^^^^^^^^^^^^^^^^^^^^^^^^^^^^^^^^^
AttributeError: 'NoneType' object has no attribute 'HTTP_500_INTERNAL_SERVER_ERROR'
ERROR 2026-02-08 01:50:44,145 log 7496 8512 Internal Server Error: /reports/dashboard/
Traceback (most recent call last):
  File "D:\DJANGO\FINAL YEAR PROJECTS\Josua\backend\reportApp\views.py", line 794, in get
    audit_stats = data_service.get_audit_statistics(start_date, end_date, department_id)
                  ^^^^^^^^^^^^^^^^^^^^^^^^^^^^^^^^^^^^^^^^^^^^^^^^^^^^^^^^^^^^^^^^^^^^^^
  File "D:\DJANGO\FINAL YEAR PROJECTS\Josua\backend\reportApp\views.py", line 219, in get_audit_statistics
    audit_qs = self.get_audit_queryset(start_date, end_date, department_id)
               ^^^^^^^^^^^^^^^^^^^^^^^^^^^^^^^^^^^^^^^^^^^^^^^^^^^^^^^^^^^^
  File "D:\DJANGO\FINAL YEAR PROJECTS\Josua\backend\reportApp\views.py", line 155, in get_audit_queryset
    qs = qs.filter(departments__in=Department.objects.filter(dept_filter))
                                   ^^^^^^^^^^^^^^^^^^^^^^^^^^^^^^^^^^^^^^
  File "D:\DJANGO\FINAL YEAR PROJECTS\Josua\backend\.venv\Lib\site-packages\django\db\models\manager.py", line 87, in manager_method
    return getattr(self.get_queryset(), name)(*args, **kwargs)
           ^^^^^^^^^^^^^^^^^^^^^^^^^^^^^^^^^^^^^^^^^^^^^^^^^^^
  File "D:\DJANGO\FINAL YEAR PROJECTS\Josua\backend\.venv\Lib\site-packages\django\db\models\query.py", line 1495, in filter
    return self._filter_or_exclude(False, args, kwargs)
           ^^^^^^^^^^^^^^^^^^^^^^^^^^^^^^^^^^^^^^^^^^^^
  File "D:\DJANGO\FINAL YEAR PROJECTS\Josua\backend\.venv\Lib\site-packages\django\db\models\query.py", line 1513, in _filter_or_exclude
    clone._filter_or_exclude_inplace(negate, args, kwargs)
  File "D:\DJANGO\FINAL YEAR PROJECTS\Josua\backend\.venv\Lib\site-packages\django\db\models\query.py", line 1523, in _filter_or_exclude_inplace
    self._query.add_q(Q(*args, **kwargs))
  File "D:\DJANGO\FINAL YEAR PROJECTS\Josua\backend\.venv\Lib\site-packages\django\db\models\sql\query.py", line 1646, in add_q
    clause, _ = self._add_q(q_object, can_reuse)
                ^^^^^^^^^^^^^^^^^^^^^^^^^^^^^^^^
  File "D:\DJANGO\FINAL YEAR PROJECTS\Josua\backend\.venv\Lib\site-packages\django\db\models\sql\query.py", line 1678, in _add_q
    child_clause, needed_inner = self.build_filter(
                                 ^^^^^^^^^^^^^^^^^^
  File "D:\DJANGO\FINAL YEAR PROJECTS\Josua\backend\.venv\Lib\site-packages\django\db\models\sql\query.py", line 1503, in build_filter
    return self._add_q(
           ^^^^^^^^^^^^
  File "D:\DJANGO\FINAL YEAR PROJECTS\Josua\backend\.venv\Lib\site-packages\django\db\models\sql\query.py", line 1678, in _add_q
    child_clause, needed_inner = self.build_filter(
                                 ^^^^^^^^^^^^^^^^^^
  File "D:\DJANGO\FINAL YEAR PROJECTS\Josua\backend\.venv\Lib\site-packages\django\db\models\sql\query.py", line 1526, in build_filter
    lookups, parts, reffed_expression = self.solve_lookup_type(arg, summarize)
                                        ^^^^^^^^^^^^^^^^^^^^^^^^^^^^^^^^^^^^^^
  File "D:\DJANGO\FINAL YEAR PROJECTS\Josua\backend\.venv\Lib\site-packages\django\db\models\sql\query.py", line 1333, in solve_lookup_type
    _, field, _, lookup_parts = self.names_to_path(lookup_splitted, self.get_meta())
                                ^^^^^^^^^^^^^^^^^^^^^^^^^^^^^^^^^^^^^^^^^^^^^^^^^^^^
  File "D:\DJANGO\FINAL YEAR PROJECTS\Josua\backend\.venv\Lib\site-packages\django\db\models\sql\query.py", line 1806, in names_to_path
    raise FieldError(
django.core.exceptions.FieldError: Cannot resolve keyword 'department' into field. Choices are: compliance_audits, created_at, created_by, created_by_id, description, id, incidents, name, security_analysts, status, updated_at, userlog, users

During handling of the above exception, another exception occurred:

Traceback (most recent call last):
  File "D:\DJANGO\FINAL YEAR PROJECTS\Josua\backend\.venv\Lib\site-packages\django\core\handlers\exception.py", line 55, in inner
    response = get_response(request)
               ^^^^^^^^^^^^^^^^^^^^^
  File "D:\DJANGO\FINAL YEAR PROJECTS\Josua\backend\.venv\Lib\site-packages\django\core\handlers\base.py", line 197, in _get_response
    response = wrapped_callback(request, *callback_args, **callback_kwargs)
               ^^^^^^^^^^^^^^^^^^^^^^^^^^^^^^^^^^^^^^^^^^^^^^^^^^^^^^^^^^^^
  File "D:\DJANGO\FINAL YEAR PROJECTS\Josua\backend\.venv\Lib\site-packages\django\views\decorators\csrf.py", line 65, in _view_wrapper
    return view_func(request, *args, **kwargs)
           ^^^^^^^^^^^^^^^^^^^^^^^^^^^^^^^^^^^
  File "D:\DJANGO\FINAL YEAR PROJECTS\Josua\backend\.venv\Lib\site-packages\django\views\generic\base.py", line 105, in view
    return self.dispatch(request, *args, **kwargs)
           ^^^^^^^^^^^^^^^^^^^^^^^^^^^^^^^^^^^^^^^
  File "D:\DJANGO\FINAL YEAR PROJECTS\Josua\backend\.venv\Lib\site-packages\rest_framework\views.py", line 515, in dispatch
    response = self.handle_exception(exc)
               ^^^^^^^^^^^^^^^^^^^^^^^^^^
  File "D:\DJANGO\FINAL YEAR PROJECTS\Josua\backend\.venv\Lib\site-packages\rest_framework\views.py", line 475, in handle_exception
    self.raise_uncaught_exception(exc)
  File "D:\DJANGO\FINAL YEAR PROJECTS\Josua\backend\.venv\Lib\site-packages\rest_framework\views.py", line 486, in raise_uncaught_exception
    raise exc
  File "D:\DJANGO\FINAL YEAR PROJECTS\Josua\backend\.venv\Lib\site-packages\rest_framework\views.py", line 512, in dispatch
    response = handler(request, *args, **kwargs)
               ^^^^^^^^^^^^^^^^^^^^^^^^^^^^^^^^^
  File "D:\DJANGO\FINAL YEAR PROJECTS\Josua\backend\reportApp\views.py", line 846, in get
    status=status.HTTP_500_INTERNAL_SERVER_ERROR
           ^^^^^^^^^^^^^^^^^^^^^^^^^^^^^^^^^^^^^
AttributeError: 'NoneType' object has no attribute 'HTTP_500_INTERNAL_SERVER_ERROR'
ERROR 2026-02-08 01:50:44,445 log 7496 6320 Internal Server Error: /reports/dashboard/
Traceback (most recent call last):
  File "D:\DJANGO\FINAL YEAR PROJECTS\Josua\backend\reportApp\views.py", line 794, in get
    audit_stats = data_service.get_audit_statistics(start_date, end_date, department_id)
                  ^^^^^^^^^^^^^^^^^^^^^^^^^^^^^^^^^^^^^^^^^^^^^^^^^^^^^^^^^^^^^^^^^^^^^^
  File "D:\DJANGO\FINAL YEAR PROJECTS\Josua\backend\reportApp\views.py", line 219, in get_audit_statistics
    audit_qs = self.get_audit_queryset(start_date, end_date, department_id)
               ^^^^^^^^^^^^^^^^^^^^^^^^^^^^^^^^^^^^^^^^^^^^^^^^^^^^^^^^^^^^
  File "D:\DJANGO\FINAL YEAR PROJECTS\Josua\backend\reportApp\views.py", line 155, in get_audit_queryset
    qs = qs.filter(departments__in=Department.objects.filter(dept_filter))
                                   ^^^^^^^^^^^^^^^^^^^^^^^^^^^^^^^^^^^^^^
  File "D:\DJANGO\FINAL YEAR PROJECTS\Josua\backend\.venv\Lib\site-packages\django\db\models\manager.py", line 87, in manager_method
    return getattr(self.get_queryset(), name)(*args, **kwargs)
           ^^^^^^^^^^^^^^^^^^^^^^^^^^^^^^^^^^^^^^^^^^^^^^^^^^^
  File "D:\DJANGO\FINAL YEAR PROJECTS\Josua\backend\.venv\Lib\site-packages\django\db\models\query.py", line 1495, in filter
    return self._filter_or_exclude(False, args, kwargs)
           ^^^^^^^^^^^^^^^^^^^^^^^^^^^^^^^^^^^^^^^^^^^^
  File "D:\DJANGO\FINAL YEAR PROJECTS\Josua\backend\.venv\Lib\site-packages\django\db\models\query.py", line 1513, in _filter_or_exclude
    clone._filter_or_exclude_inplace(negate, args, kwargs)
  File "D:\DJANGO\FINAL YEAR PROJECTS\Josua\backend\.venv\Lib\site-packages\django\db\models\query.py", line 1523, in _filter_or_exclude_inplace
    self._query.add_q(Q(*args, **kwargs))
  File "D:\DJANGO\FINAL YEAR PROJECTS\Josua\backend\.venv\Lib\site-packages\django\db\models\sql\query.py", line 1646, in add_q
    clause, _ = self._add_q(q_object, can_reuse)
                ^^^^^^^^^^^^^^^^^^^^^^^^^^^^^^^^
  File "D:\DJANGO\FINAL YEAR PROJECTS\Josua\backend\.venv\Lib\site-packages\django\db\models\sql\query.py", line 1678, in _add_q
    child_clause, needed_inner = self.build_filter(
                                 ^^^^^^^^^^^^^^^^^^
  File "D:\DJANGO\FINAL YEAR PROJECTS\Josua\backend\.venv\Lib\site-packages\django\db\models\sql\query.py", line 1503, in build_filter
    return self._add_q(
           ^^^^^^^^^^^^
  File "D:\DJANGO\FINAL YEAR PROJECTS\Josua\backend\.venv\Lib\site-packages\django\db\models\sql\query.py", line 1678, in _add_q
    child_clause, needed_inner = self.build_filter(
                                 ^^^^^^^^^^^^^^^^^^
  File "D:\DJANGO\FINAL YEAR PROJECTS\Josua\backend\.venv\Lib\site-packages\django\db\models\sql\query.py", line 1526, in build_filter
    lookups, parts, reffed_expression = self.solve_lookup_type(arg, summarize)
                                        ^^^^^^^^^^^^^^^^^^^^^^^^^^^^^^^^^^^^^^
  File "D:\DJANGO\FINAL YEAR PROJECTS\Josua\backend\.venv\Lib\site-packages\django\db\models\sql\query.py", line 1333, in solve_lookup_type
    _, field, _, lookup_parts = self.names_to_path(lookup_splitted, self.get_meta())
                                ^^^^^^^^^^^^^^^^^^^^^^^^^^^^^^^^^^^^^^^^^^^^^^^^^^^^
  File "D:\DJANGO\FINAL YEAR PROJECTS\Josua\backend\.venv\Lib\site-packages\django\db\models\sql\query.py", line 1806, in names_to_path
    raise FieldError(
django.core.exceptions.FieldError: Cannot resolve keyword 'department' into field. Choices are: compliance_audits, created_at, created_by, created_by_id, description, id, incidents, name, security_analysts, status, updated_at, userlog, users

During handling of the above exception, another exception occurred:

Traceback (most recent call last):
  File "D:\DJANGO\FINAL YEAR PROJECTS\Josua\backend\.venv\Lib\site-packages\django\core\handlers\exception.py", line 55, in inner
    response = get_response(request)
               ^^^^^^^^^^^^^^^^^^^^^
  File "D:\DJANGO\FINAL YEAR PROJECTS\Josua\backend\.venv\Lib\site-packages\django\core\handlers\base.py", line 197, in _get_response
    response = wrapped_callback(request, *callback_args, **callback_kwargs)
               ^^^^^^^^^^^^^^^^^^^^^^^^^^^^^^^^^^^^^^^^^^^^^^^^^^^^^^^^^^^^
  File "D:\DJANGO\FINAL YEAR PROJECTS\Josua\backend\.venv\Lib\site-packages\django\views\decorators\csrf.py", line 65, in _view_wrapper
    return view_func(request, *args, **kwargs)
           ^^^^^^^^^^^^^^^^^^^^^^^^^^^^^^^^^^^
  File "D:\DJANGO\FINAL YEAR PROJECTS\Josua\backend\.venv\Lib\site-packages\django\views\generic\base.py", line 105, in view
    return self.dispatch(request, *args, **kwargs)
           ^^^^^^^^^^^^^^^^^^^^^^^^^^^^^^^^^^^^^^^
  File "D:\DJANGO\FINAL YEAR PROJECTS\Josua\backend\.venv\Lib\site-packages\rest_framework\views.py", line 515, in dispatch
    response = self.handle_exception(exc)
               ^^^^^^^^^^^^^^^^^^^^^^^^^^
  File "D:\DJANGO\FINAL YEAR PROJECTS\Josua\backend\.venv\Lib\site-packages\rest_framework\views.py", line 475, in handle_exception
    self.raise_uncaught_exception(exc)
  File "D:\DJANGO\FINAL YEAR PROJECTS\Josua\backend\.venv\Lib\site-packages\rest_framework\views.py", line 486, in raise_uncaught_exception
    raise exc
  File "D:\DJANGO\FINAL YEAR PROJECTS\Josua\backend\.venv\Lib\site-packages\rest_framework\views.py", line 512, in dispatch
    response = handler(request, *args, **kwargs)
               ^^^^^^^^^^^^^^^^^^^^^^^^^^^^^^^^^
  File "D:\DJANGO\FINAL YEAR PROJECTS\Josua\backend\reportApp\views.py", line 846, in get
    status=status.HTTP_500_INTERNAL_SERVER_ERROR
           ^^^^^^^^^^^^^^^^^^^^^^^^^^^^^^^^^^^^^
AttributeError: 'NoneType' object has no attribute 'HTTP_500_INTERNAL_SERVER_ERROR'
ERROR 2026-02-08 01:55:44,914 log 7496 2060 Internal Server Error: /reports/dashboard/
Traceback (most recent call last):
  File "D:\DJANGO\FINAL YEAR PROJECTS\Josua\backend\reportApp\views.py", line 794, in get
    audit_stats = data_service.get_audit_statistics(start_date, end_date, department_id)
                  ^^^^^^^^^^^^^^^^^^^^^^^^^^^^^^^^^^^^^^^^^^^^^^^^^^^^^^^^^^^^^^^^^^^^^^
  File "D:\DJANGO\FINAL YEAR PROJECTS\Josua\backend\reportApp\views.py", line 219, in get_audit_statistics
    audit_qs = self.get_audit_queryset(start_date, end_date, department_id)
               ^^^^^^^^^^^^^^^^^^^^^^^^^^^^^^^^^^^^^^^^^^^^^^^^^^^^^^^^^^^^
  File "D:\DJANGO\FINAL YEAR PROJECTS\Josua\backend\reportApp\views.py", line 155, in get_audit_queryset
    qs = qs.filter(departments__in=Department.objects.filter(dept_filter))
                                   ^^^^^^^^^^^^^^^^^^^^^^^^^^^^^^^^^^^^^^
  File "D:\DJANGO\FINAL YEAR PROJECTS\Josua\backend\.venv\Lib\site-packages\django\db\models\manager.py", line 87, in manager_method
    return getattr(self.get_queryset(), name)(*args, **kwargs)
           ^^^^^^^^^^^^^^^^^^^^^^^^^^^^^^^^^^^^^^^^^^^^^^^^^^^
  File "D:\DJANGO\FINAL YEAR PROJECTS\Josua\backend\.venv\Lib\site-packages\django\db\models\query.py", line 1495, in filter
    return self._filter_or_exclude(False, args, kwargs)
           ^^^^^^^^^^^^^^^^^^^^^^^^^^^^^^^^^^^^^^^^^^^^
  File "D:\DJANGO\FINAL YEAR PROJECTS\Josua\backend\.venv\Lib\site-packages\django\db\models\query.py", line 1513, in _filter_or_exclude
    clone._filter_or_exclude_inplace(negate, args, kwargs)
  File "D:\DJANGO\FINAL YEAR PROJECTS\Josua\backend\.venv\Lib\site-packages\django\db\models\query.py", line 1523, in _filter_or_exclude_inplace
    self._query.add_q(Q(*args, **kwargs))
  File "D:\DJANGO\FINAL YEAR PROJECTS\Josua\backend\.venv\Lib\site-packages\django\db\models\sql\query.py", line 1646, in add_q
    clause, _ = self._add_q(q_object, can_reuse)
                ^^^^^^^^^^^^^^^^^^^^^^^^^^^^^^^^
  File "D:\DJANGO\FINAL YEAR PROJECTS\Josua\backend\.venv\Lib\site-packages\django\db\models\sql\query.py", line 1678, in _add_q
    child_clause, needed_inner = self.build_filter(
                                 ^^^^^^^^^^^^^^^^^^
  File "D:\DJANGO\FINAL YEAR PROJECTS\Josua\backend\.venv\Lib\site-packages\django\db\models\sql\query.py", line 1503, in build_filter
    return self._add_q(
           ^^^^^^^^^^^^
  File "D:\DJANGO\FINAL YEAR PROJECTS\Josua\backend\.venv\Lib\site-packages\django\db\models\sql\query.py", line 1678, in _add_q
    child_clause, needed_inner = self.build_filter(
                                 ^^^^^^^^^^^^^^^^^^
  File "D:\DJANGO\FINAL YEAR PROJECTS\Josua\backend\.venv\Lib\site-packages\django\db\models\sql\query.py", line 1526, in build_filter
    lookups, parts, reffed_expression = self.solve_lookup_type(arg, summarize)
                                        ^^^^^^^^^^^^^^^^^^^^^^^^^^^^^^^^^^^^^^
  File "D:\DJANGO\FINAL YEAR PROJECTS\Josua\backend\.venv\Lib\site-packages\django\db\models\sql\query.py", line 1333, in solve_lookup_type
    _, field, _, lookup_parts = self.names_to_path(lookup_splitted, self.get_meta())
                                ^^^^^^^^^^^^^^^^^^^^^^^^^^^^^^^^^^^^^^^^^^^^^^^^^^^^
  File "D:\DJANGO\FINAL YEAR PROJECTS\Josua\backend\.venv\Lib\site-packages\django\db\models\sql\query.py", line 1806, in names_to_path
    raise FieldError(
django.core.exceptions.FieldError: Cannot resolve keyword 'department' into field. Choices are: compliance_audits, created_at, created_by, created_by_id, description, id, incidents, name, security_analysts, status, updated_at, userlog, users

During handling of the above exception, another exception occurred:

Traceback (most recent call last):
  File "D:\DJANGO\FINAL YEAR PROJECTS\Josua\backend\.venv\Lib\site-packages\django\core\handlers\exception.py", line 55, in inner
    response = get_response(request)
               ^^^^^^^^^^^^^^^^^^^^^
  File "D:\DJANGO\FINAL YEAR PROJECTS\Josua\backend\.venv\Lib\site-packages\django\core\handlers\base.py", line 197, in _get_response
    response = wrapped_callback(request, *callback_args, **callback_kwargs)
               ^^^^^^^^^^^^^^^^^^^^^^^^^^^^^^^^^^^^^^^^^^^^^^^^^^^^^^^^^^^^
  File "D:\DJANGO\FINAL YEAR PROJECTS\Josua\backend\.venv\Lib\site-packages\django\views\decorators\csrf.py", line 65, in _view_wrapper
    return view_func(request, *args, **kwargs)
           ^^^^^^^^^^^^^^^^^^^^^^^^^^^^^^^^^^^
  File "D:\DJANGO\FINAL YEAR PROJECTS\Josua\backend\.venv\Lib\site-packages\django\views\generic\base.py", line 105, in view
    return self.dispatch(request, *args, **kwargs)
           ^^^^^^^^^^^^^^^^^^^^^^^^^^^^^^^^^^^^^^^
  File "D:\DJANGO\FINAL YEAR PROJECTS\Josua\backend\.venv\Lib\site-packages\rest_framework\views.py", line 515, in dispatch
    response = self.handle_exception(exc)
               ^^^^^^^^^^^^^^^^^^^^^^^^^^
  File "D:\DJANGO\FINAL YEAR PROJECTS\Josua\backend\.venv\Lib\site-packages\rest_framework\views.py", line 475, in handle_exception
    self.raise_uncaught_exception(exc)
  File "D:\DJANGO\FINAL YEAR PROJECTS\Josua\backend\.venv\Lib\site-packages\rest_framework\views.py", line 486, in raise_uncaught_exception
    raise exc
  File "D:\DJANGO\FINAL YEAR PROJECTS\Josua\backend\.venv\Lib\site-packages\rest_framework\views.py", line 512, in dispatch
    response = handler(request, *args, **kwargs)
               ^^^^^^^^^^^^^^^^^^^^^^^^^^^^^^^^^
  File "D:\DJANGO\FINAL YEAR PROJECTS\Josua\backend\reportApp\views.py", line 846, in get
    status=status.HTTP_500_INTERNAL_SERVER_ERROR
           ^^^^^^^^^^^^^^^^^^^^^^^^^^^^^^^^^^^^^
AttributeError: 'NoneType' object has no attribute 'HTTP_500_INTERNAL_SERVER_ERROR'
ERROR 2026-02-08 01:56:52,444 log 6900 5700 Internal Server Error: /reports/dashboard/
Traceback (most recent call last):
  File "D:\DJANGO\FINAL YEAR PROJECTS\Josua\backend\reportApp\views.py", line 794, in get
    incident_stats = data_service.get_incident_statistics(start_date, end_date, department_id)
                     ^^^^^^^^^^^^^^^^^^^^^^^^^^^^^^^^^^^^^^^^^^^^^^^^^^^^^^^^^^^^^^^^^^^^^^^^^
  File "D:\DJANGO\FINAL YEAR PROJECTS\Josua\backend\reportApp\views.py", line 211, in get_incident_statistics
    incident_qs = self.get_incident_queryset(start_date, end_date, department_id)
                  ^^^^^^^^^^^^^^^^^^^^^^^^^^^^^^^^^^^^^^^^^^^^^^^^^^^^^^^^^^^^^^^
  File "D:\DJANGO\FINAL YEAR PROJECTS\Josua\backend\reportApp\views.py", line 128, in get_incident_queryset
    Q(department__in=Department.objects.filter(dept_filter)) |
                     ^^^^^^^^^^^^^^^^^^^^^^^^^^^^^^^^^^^^^^
  File "D:\DJANGO\FINAL YEAR PROJECTS\Josua\backend\.venv\Lib\site-packages\django\db\models\manager.py", line 87, in manager_method
    return getattr(self.get_queryset(), name)(*args, **kwargs)
           ^^^^^^^^^^^^^^^^^^^^^^^^^^^^^^^^^^^^^^^^^^^^^^^^^^^
  File "D:\DJANGO\FINAL YEAR PROJECTS\Josua\backend\.venv\Lib\site-packages\django\db\models\query.py", line 1495, in filter
    return self._filter_or_exclude(False, args, kwargs)
           ^^^^^^^^^^^^^^^^^^^^^^^^^^^^^^^^^^^^^^^^^^^^
  File "D:\DJANGO\FINAL YEAR PROJECTS\Josua\backend\.venv\Lib\site-packages\django\db\models\query.py", line 1513, in _filter_or_exclude
    clone._filter_or_exclude_inplace(negate, args, kwargs)
  File "D:\DJANGO\FINAL YEAR PROJECTS\Josua\backend\.venv\Lib\site-packages\django\db\models\query.py", line 1523, in _filter_or_exclude_inplace
    self._query.add_q(Q(*args, **kwargs))
  File "D:\DJANGO\FINAL YEAR PROJECTS\Josua\backend\.venv\Lib\site-packages\django\db\models\sql\query.py", line 1646, in add_q
    clause, _ = self._add_q(q_object, can_reuse)
                ^^^^^^^^^^^^^^^^^^^^^^^^^^^^^^^^
  File "D:\DJANGO\FINAL YEAR PROJECTS\Josua\backend\.venv\Lib\site-packages\django\db\models\sql\query.py", line 1678, in _add_q
    child_clause, needed_inner = self.build_filter(
                                 ^^^^^^^^^^^^^^^^^^
  File "D:\DJANGO\FINAL YEAR PROJECTS\Josua\backend\.venv\Lib\site-packages\django\db\models\sql\query.py", line 1503, in build_filter
    return self._add_q(
           ^^^^^^^^^^^^
  File "D:\DJANGO\FINAL YEAR PROJECTS\Josua\backend\.venv\Lib\site-packages\django\db\models\sql\query.py", line 1678, in _add_q
    child_clause, needed_inner = self.build_filter(
                                 ^^^^^^^^^^^^^^^^^^
  File "D:\DJANGO\FINAL YEAR PROJECTS\Josua\backend\.venv\Lib\site-packages\django\db\models\sql\query.py", line 1526, in build_filter
    lookups, parts, reffed_expression = self.solve_lookup_type(arg, summarize)
                                        ^^^^^^^^^^^^^^^^^^^^^^^^^^^^^^^^^^^^^^
  File "D:\DJANGO\FINAL YEAR PROJECTS\Josua\backend\.venv\Lib\site-packages\django\db\models\sql\query.py", line 1333, in solve_lookup_type
    _, field, _, lookup_parts = self.names_to_path(lookup_splitted, self.get_meta())
                                ^^^^^^^^^^^^^^^^^^^^^^^^^^^^^^^^^^^^^^^^^^^^^^^^^^^^
  File "D:\DJANGO\FINAL YEAR PROJECTS\Josua\backend\.venv\Lib\site-packages\django\db\models\sql\query.py", line 1806, in names_to_path
    raise FieldError(
django.core.exceptions.FieldError: Cannot resolve keyword 'department' into field. Choices are: compliance_audits, created_at, created_by, created_by_id, description, id, incidents, name, security_analysts, status, updated_at, userlog, users

During handling of the above exception, another exception occurred:

Traceback (most recent call last):
  File "D:\DJANGO\FINAL YEAR PROJECTS\Josua\backend\.venv\Lib\site-packages\django\core\handlers\exception.py", line 55, in inner
    response = get_response(request)
               ^^^^^^^^^^^^^^^^^^^^^
  File "D:\DJANGO\FINAL YEAR PROJECTS\Josua\backend\.venv\Lib\site-packages\django\core\handlers\base.py", line 197, in _get_response
    response = wrapped_callback(request, *callback_args, **callback_kwargs)
               ^^^^^^^^^^^^^^^^^^^^^^^^^^^^^^^^^^^^^^^^^^^^^^^^^^^^^^^^^^^^
  File "D:\DJANGO\FINAL YEAR PROJECTS\Josua\backend\.venv\Lib\site-packages\django\views\decorators\csrf.py", line 65, in _view_wrapper
    return view_func(request, *args, **kwargs)
           ^^^^^^^^^^^^^^^^^^^^^^^^^^^^^^^^^^^
  File "D:\DJANGO\FINAL YEAR PROJECTS\Josua\backend\.venv\Lib\site-packages\django\views\generic\base.py", line 105, in view
    return self.dispatch(request, *args, **kwargs)
           ^^^^^^^^^^^^^^^^^^^^^^^^^^^^^^^^^^^^^^^
  File "D:\DJANGO\FINAL YEAR PROJECTS\Josua\backend\.venv\Lib\site-packages\rest_framework\views.py", line 515, in dispatch
    response = self.handle_exception(exc)
               ^^^^^^^^^^^^^^^^^^^^^^^^^^
  File "D:\DJANGO\FINAL YEAR PROJECTS\Josua\backend\.venv\Lib\site-packages\rest_framework\views.py", line 475, in handle_exception
    self.raise_uncaught_exception(exc)
  File "D:\DJANGO\FINAL YEAR PROJECTS\Josua\backend\.venv\Lib\site-packages\rest_framework\views.py", line 486, in raise_uncaught_exception
    raise exc
  File "D:\DJANGO\FINAL YEAR PROJECTS\Josua\backend\.venv\Lib\site-packages\rest_framework\views.py", line 512, in dispatch
    response = handler(request, *args, **kwargs)
               ^^^^^^^^^^^^^^^^^^^^^^^^^^^^^^^^^
  File "D:\DJANGO\FINAL YEAR PROJECTS\Josua\backend\reportApp\views.py", line 847, in get
    status=status.HTTP_500_INTERNAL_SERVER_ERROR
           ^^^^^^^^^^^^^^^^^^^^^^^^^^^^^^^^^^^^^
AttributeError: 'NoneType' object has no attribute 'HTTP_500_INTERNAL_SERVER_ERROR'
ERROR 2026-02-08 01:56:52,852 log 6900 6096 Internal Server Error: /reports/dashboard/
Traceback (most recent call last):
  File "D:\DJANGO\FINAL YEAR PROJECTS\Josua\backend\reportApp\views.py", line 794, in get
    incident_stats = data_service.get_incident_statistics(start_date, end_date, department_id)
                     ^^^^^^^^^^^^^^^^^^^^^^^^^^^^^^^^^^^^^^^^^^^^^^^^^^^^^^^^^^^^^^^^^^^^^^^^^
  File "D:\DJANGO\FINAL YEAR PROJECTS\Josua\backend\reportApp\views.py", line 211, in get_incident_statistics
    incident_qs = self.get_incident_queryset(start_date, end_date, department_id)
                  ^^^^^^^^^^^^^^^^^^^^^^^^^^^^^^^^^^^^^^^^^^^^^^^^^^^^^^^^^^^^^^^
  File "D:\DJANGO\FINAL YEAR PROJECTS\Josua\backend\reportApp\views.py", line 128, in get_incident_queryset
    Q(department__in=Department.objects.filter(dept_filter)) |
                     ^^^^^^^^^^^^^^^^^^^^^^^^^^^^^^^^^^^^^^
  File "D:\DJANGO\FINAL YEAR PROJECTS\Josua\backend\.venv\Lib\site-packages\django\db\models\manager.py", line 87, in manager_method
    return getattr(self.get_queryset(), name)(*args, **kwargs)
           ^^^^^^^^^^^^^^^^^^^^^^^^^^^^^^^^^^^^^^^^^^^^^^^^^^^
  File "D:\DJANGO\FINAL YEAR PROJECTS\Josua\backend\.venv\Lib\site-packages\django\db\models\query.py", line 1495, in filter
    return self._filter_or_exclude(False, args, kwargs)
           ^^^^^^^^^^^^^^^^^^^^^^^^^^^^^^^^^^^^^^^^^^^^
  File "D:\DJANGO\FINAL YEAR PROJECTS\Josua\backend\.venv\Lib\site-packages\django\db\models\query.py", line 1513, in _filter_or_exclude
    clone._filter_or_exclude_inplace(negate, args, kwargs)
  File "D:\DJANGO\FINAL YEAR PROJECTS\Josua\backend\.venv\Lib\site-packages\django\db\models\query.py", line 1523, in _filter_or_exclude_inplace
    self._query.add_q(Q(*args, **kwargs))
  File "D:\DJANGO\FINAL YEAR PROJECTS\Josua\backend\.venv\Lib\site-packages\django\db\models\sql\query.py", line 1646, in add_q
    clause, _ = self._add_q(q_object, can_reuse)
                ^^^^^^^^^^^^^^^^^^^^^^^^^^^^^^^^
  File "D:\DJANGO\FINAL YEAR PROJECTS\Josua\backend\.venv\Lib\site-packages\django\db\models\sql\query.py", line 1678, in _add_q
    child_clause, needed_inner = self.build_filter(
                                 ^^^^^^^^^^^^^^^^^^
  File "D:\DJANGO\FINAL YEAR PROJECTS\Josua\backend\.venv\Lib\site-packages\django\db\models\sql\query.py", line 1503, in build_filter
    return self._add_q(
           ^^^^^^^^^^^^
  File "D:\DJANGO\FINAL YEAR PROJECTS\Josua\backend\.venv\Lib\site-packages\django\db\models\sql\query.py", line 1678, in _add_q
    child_clause, needed_inner = self.build_filter(
                                 ^^^^^^^^^^^^^^^^^^
  File "D:\DJANGO\FINAL YEAR PROJECTS\Josua\backend\.venv\Lib\site-packages\django\db\models\sql\query.py", line 1526, in build_filter
    lookups, parts, reffed_expression = self.solve_lookup_type(arg, summarize)
                                        ^^^^^^^^^^^^^^^^^^^^^^^^^^^^^^^^^^^^^^
  File "D:\DJANGO\FINAL YEAR PROJECTS\Josua\backend\.venv\Lib\site-packages\django\db\models\sql\query.py", line 1333, in solve_lookup_type
    _, field, _, lookup_parts = self.names_to_path(lookup_splitted, self.get_meta())
                                ^^^^^^^^^^^^^^^^^^^^^^^^^^^^^^^^^^^^^^^^^^^^^^^^^^^^
  File "D:\DJANGO\FINAL YEAR PROJECTS\Josua\backend\.venv\Lib\site-packages\django\db\models\sql\query.py", line 1806, in names_to_path
    raise FieldError(
django.core.exceptions.FieldError: Cannot resolve keyword 'department' into field. Choices are: compliance_audits, created_at, created_by, created_by_id, description, id, incidents, name, security_analysts, status, updated_at, userlog, users

During handling of the above exception, another exception occurred:

Traceback (most recent call last):
  File "D:\DJANGO\FINAL YEAR PROJECTS\Josua\backend\.venv\Lib\site-packages\django\core\handlers\exception.py", line 55, in inner
    response = get_response(request)
               ^^^^^^^^^^^^^^^^^^^^^
  File "D:\DJANGO\FINAL YEAR PROJECTS\Josua\backend\.venv\Lib\site-packages\django\core\handlers\base.py", line 197, in _get_response
    response = wrapped_callback(request, *callback_args, **callback_kwargs)
               ^^^^^^^^^^^^^^^^^^^^^^^^^^^^^^^^^^^^^^^^^^^^^^^^^^^^^^^^^^^^
  File "D:\DJANGO\FINAL YEAR PROJECTS\Josua\backend\.venv\Lib\site-packages\django\views\decorators\csrf.py", line 65, in _view_wrapper
    return view_func(request, *args, **kwargs)
           ^^^^^^^^^^^^^^^^^^^^^^^^^^^^^^^^^^^
  File "D:\DJANGO\FINAL YEAR PROJECTS\Josua\backend\.venv\Lib\site-packages\django\views\generic\base.py", line 105, in view
    return self.dispatch(request, *args, **kwargs)
           ^^^^^^^^^^^^^^^^^^^^^^^^^^^^^^^^^^^^^^^
  File "D:\DJANGO\FINAL YEAR PROJECTS\Josua\backend\.venv\Lib\site-packages\rest_framework\views.py", line 515, in dispatch
    response = self.handle_exception(exc)
               ^^^^^^^^^^^^^^^^^^^^^^^^^^
  File "D:\DJANGO\FINAL YEAR PROJECTS\Josua\backend\.venv\Lib\site-packages\rest_framework\views.py", line 475, in handle_exception
    self.raise_uncaught_exception(exc)
  File "D:\DJANGO\FINAL YEAR PROJECTS\Josua\backend\.venv\Lib\site-packages\rest_framework\views.py", line 486, in raise_uncaught_exception
    raise exc
  File "D:\DJANGO\FINAL YEAR PROJECTS\Josua\backend\.venv\Lib\site-packages\rest_framework\views.py", line 512, in dispatch
    response = handler(request, *args, **kwargs)
               ^^^^^^^^^^^^^^^^^^^^^^^^^^^^^^^^^
  File "D:\DJANGO\FINAL YEAR PROJECTS\Josua\backend\reportApp\views.py", line 847, in get
    status=status.HTTP_500_INTERNAL_SERVER_ERROR
           ^^^^^^^^^^^^^^^^^^^^^^^^^^^^^^^^^^^^^
AttributeError: 'NoneType' object has no attribute 'HTTP_500_INTERNAL_SERVER_ERROR'
ERROR 2026-02-08 01:58:26,829 log 4380 5096 Internal Server Error: /reports/dashboard/
Traceback (most recent call last):
  File "D:\DJANGO\FINAL YEAR PROJECTS\Josua\backend\reportApp\views.py", line 794, in get
    incident_stats = data_service.get_incident_statistics(start_date, end_date, department_id)
                     ^^^^^^^^^^^^^^^^^^^^^^^^^^^^^^^^^^^^^^^^^^^^^^^^^^^^^^^^^^^^^^^^^^^^^^^^^
  File "D:\DJANGO\FINAL YEAR PROJECTS\Josua\backend\reportApp\views.py", line 211, in get_incident_statistics
    incident_qs = self.get_incident_queryset(start_date, end_date, department_id)
                  ^^^^^^^^^^^^^^^^^^^^^^^^^^^^^^^^^^^^^^^^^^^^^^^^^^^^^^^^^^^^^^^
  File "D:\DJANGO\FINAL YEAR PROJECTS\Josua\backend\reportApp\views.py", line 128, in get_incident_queryset
    Q(department__in=Department.objects.filter(dept_filter)) |
                     ^^^^^^^^^^^^^^^^^^^^^^^^^^^^^^^^^^^^^^
  File "D:\DJANGO\FINAL YEAR PROJECTS\Josua\backend\.venv\Lib\site-packages\django\db\models\manager.py", line 87, in manager_method
    return getattr(self.get_queryset(), name)(*args, **kwargs)
           ^^^^^^^^^^^^^^^^^^^^^^^^^^^^^^^^^^^^^^^^^^^^^^^^^^^
  File "D:\DJANGO\FINAL YEAR PROJECTS\Josua\backend\.venv\Lib\site-packages\django\db\models\query.py", line 1495, in filter
    return self._filter_or_exclude(False, args, kwargs)
           ^^^^^^^^^^^^^^^^^^^^^^^^^^^^^^^^^^^^^^^^^^^^
  File "D:\DJANGO\FINAL YEAR PROJECTS\Josua\backend\.venv\Lib\site-packages\django\db\models\query.py", line 1513, in _filter_or_exclude
    clone._filter_or_exclude_inplace(negate, args, kwargs)
  File "D:\DJANGO\FINAL YEAR PROJECTS\Josua\backend\.venv\Lib\site-packages\django\db\models\query.py", line 1523, in _filter_or_exclude_inplace
    self._query.add_q(Q(*args, **kwargs))
  File "D:\DJANGO\FINAL YEAR PROJECTS\Josua\backend\.venv\Lib\site-packages\django\db\models\sql\query.py", line 1646, in add_q
    clause, _ = self._add_q(q_object, can_reuse)
                ^^^^^^^^^^^^^^^^^^^^^^^^^^^^^^^^
  File "D:\DJANGO\FINAL YEAR PROJECTS\Josua\backend\.venv\Lib\site-packages\django\db\models\sql\query.py", line 1678, in _add_q
    child_clause, needed_inner = self.build_filter(
                                 ^^^^^^^^^^^^^^^^^^
  File "D:\DJANGO\FINAL YEAR PROJECTS\Josua\backend\.venv\Lib\site-packages\django\db\models\sql\query.py", line 1503, in build_filter
    return self._add_q(
           ^^^^^^^^^^^^
  File "D:\DJANGO\FINAL YEAR PROJECTS\Josua\backend\.venv\Lib\site-packages\django\db\models\sql\query.py", line 1678, in _add_q
    child_clause, needed_inner = self.build_filter(
                                 ^^^^^^^^^^^^^^^^^^
  File "D:\DJANGO\FINAL YEAR PROJECTS\Josua\backend\.venv\Lib\site-packages\django\db\models\sql\query.py", line 1526, in build_filter
    lookups, parts, reffed_expression = self.solve_lookup_type(arg, summarize)
                                        ^^^^^^^^^^^^^^^^^^^^^^^^^^^^^^^^^^^^^^
  File "D:\DJANGO\FINAL YEAR PROJECTS\Josua\backend\.venv\Lib\site-packages\django\db\models\sql\query.py", line 1333, in solve_lookup_type
    _, field, _, lookup_parts = self.names_to_path(lookup_splitted, self.get_meta())
                                ^^^^^^^^^^^^^^^^^^^^^^^^^^^^^^^^^^^^^^^^^^^^^^^^^^^^
  File "D:\DJANGO\FINAL YEAR PROJECTS\Josua\backend\.venv\Lib\site-packages\django\db\models\sql\query.py", line 1806, in names_to_path
    raise FieldError(
django.core.exceptions.FieldError: Cannot resolve keyword 'department' into field. Choices are: compliance_audits, created_at, created_by, created_by_id, description, id, incidents, name, security_analysts, status, updated_at, userlog, users

During handling of the above exception, another exception occurred:

Traceback (most recent call last):
  File "D:\DJANGO\FINAL YEAR PROJECTS\Josua\backend\.venv\Lib\site-packages\django\core\handlers\exception.py", line 55, in inner
    response = get_response(request)
               ^^^^^^^^^^^^^^^^^^^^^
  File "D:\DJANGO\FINAL YEAR PROJECTS\Josua\backend\.venv\Lib\site-packages\django\core\handlers\base.py", line 197, in _get_response
    response = wrapped_callback(request, *callback_args, **callback_kwargs)
               ^^^^^^^^^^^^^^^^^^^^^^^^^^^^^^^^^^^^^^^^^^^^^^^^^^^^^^^^^^^^
  File "D:\DJANGO\FINAL YEAR PROJECTS\Josua\backend\.venv\Lib\site-packages\django\views\decorators\csrf.py", line 65, in _view_wrapper
    return view_func(request, *args, **kwargs)
           ^^^^^^^^^^^^^^^^^^^^^^^^^^^^^^^^^^^
  File "D:\DJANGO\FINAL YEAR PROJECTS\Josua\backend\.venv\Lib\site-packages\django\views\generic\base.py", line 105, in view
    return self.dispatch(request, *args, **kwargs)
           ^^^^^^^^^^^^^^^^^^^^^^^^^^^^^^^^^^^^^^^
  File "D:\DJANGO\FINAL YEAR PROJECTS\Josua\backend\.venv\Lib\site-packages\rest_framework\views.py", line 515, in dispatch
    response = self.handle_exception(exc)
               ^^^^^^^^^^^^^^^^^^^^^^^^^^
  File "D:\DJANGO\FINAL YEAR PROJECTS\Josua\backend\.venv\Lib\site-packages\rest_framework\views.py", line 475, in handle_exception
    self.raise_uncaught_exception(exc)
  File "D:\DJANGO\FINAL YEAR PROJECTS\Josua\backend\.venv\Lib\site-packages\rest_framework\views.py", line 486, in raise_uncaught_exception
    raise exc
  File "D:\DJANGO\FINAL YEAR PROJECTS\Josua\backend\.venv\Lib\site-packages\rest_framework\views.py", line 512, in dispatch
    response = handler(request, *args, **kwargs)
               ^^^^^^^^^^^^^^^^^^^^^^^^^^^^^^^^^
  File "D:\DJANGO\FINAL YEAR PROJECTS\Josua\backend\reportApp\views.py", line 847, in get
    status=status.HTTP_500_INTERNAL_SERVER_ERROR
           ^^^^^^^^^^^^^^^^^^^^^^^^^^^^^^^^^^^^^
AttributeError: 'NoneType' object has no attribute 'HTTP_500_INTERNAL_SERVER_ERROR'
ERROR 2026-02-08 01:58:27,141 log 4380 12332 Internal Server Error: /reports/dashboard/
Traceback (most recent call last):
  File "D:\DJANGO\FINAL YEAR PROJECTS\Josua\backend\reportApp\views.py", line 794, in get
    incident_stats = data_service.get_incident_statistics(start_date, end_date, department_id)
                     ^^^^^^^^^^^^^^^^^^^^^^^^^^^^^^^^^^^^^^^^^^^^^^^^^^^^^^^^^^^^^^^^^^^^^^^^^
  File "D:\DJANGO\FINAL YEAR PROJECTS\Josua\backend\reportApp\views.py", line 211, in get_incident_statistics
    incident_qs = self.get_incident_queryset(start_date, end_date, department_id)
                  ^^^^^^^^^^^^^^^^^^^^^^^^^^^^^^^^^^^^^^^^^^^^^^^^^^^^^^^^^^^^^^^
  File "D:\DJANGO\FINAL YEAR PROJECTS\Josua\backend\reportApp\views.py", line 128, in get_incident_queryset
    Q(department__in=Department.objects.filter(dept_filter)) |
                     ^^^^^^^^^^^^^^^^^^^^^^^^^^^^^^^^^^^^^^
  File "D:\DJANGO\FINAL YEAR PROJECTS\Josua\backend\.venv\Lib\site-packages\django\db\models\manager.py", line 87, in manager_method
    return getattr(self.get_queryset(), name)(*args, **kwargs)
           ^^^^^^^^^^^^^^^^^^^^^^^^^^^^^^^^^^^^^^^^^^^^^^^^^^^
  File "D:\DJANGO\FINAL YEAR PROJECTS\Josua\backend\.venv\Lib\site-packages\django\db\models\query.py", line 1495, in filter
    return self._filter_or_exclude(False, args, kwargs)
           ^^^^^^^^^^^^^^^^^^^^^^^^^^^^^^^^^^^^^^^^^^^^
  File "D:\DJANGO\FINAL YEAR PROJECTS\Josua\backend\.venv\Lib\site-packages\django\db\models\query.py", line 1513, in _filter_or_exclude
    clone._filter_or_exclude_inplace(negate, args, kwargs)
  File "D:\DJANGO\FINAL YEAR PROJECTS\Josua\backend\.venv\Lib\site-packages\django\db\models\query.py", line 1523, in _filter_or_exclude_inplace
    self._query.add_q(Q(*args, **kwargs))
  File "D:\DJANGO\FINAL YEAR PROJECTS\Josua\backend\.venv\Lib\site-packages\django\db\models\sql\query.py", line 1646, in add_q
    clause, _ = self._add_q(q_object, can_reuse)
                ^^^^^^^^^^^^^^^^^^^^^^^^^^^^^^^^
  File "D:\DJANGO\FINAL YEAR PROJECTS\Josua\backend\.venv\Lib\site-packages\django\db\models\sql\query.py", line 1678, in _add_q
    child_clause, needed_inner = self.build_filter(
                                 ^^^^^^^^^^^^^^^^^^
  File "D:\DJANGO\FINAL YEAR PROJECTS\Josua\backend\.venv\Lib\site-packages\django\db\models\sql\query.py", line 1503, in build_filter
    return self._add_q(
           ^^^^^^^^^^^^
  File "D:\DJANGO\FINAL YEAR PROJECTS\Josua\backend\.venv\Lib\site-packages\django\db\models\sql\query.py", line 1678, in _add_q
    child_clause, needed_inner = self.build_filter(
                                 ^^^^^^^^^^^^^^^^^^
  File "D:\DJANGO\FINAL YEAR PROJECTS\Josua\backend\.venv\Lib\site-packages\django\db\models\sql\query.py", line 1526, in build_filter
    lookups, parts, reffed_expression = self.solve_lookup_type(arg, summarize)
                                        ^^^^^^^^^^^^^^^^^^^^^^^^^^^^^^^^^^^^^^
  File "D:\DJANGO\FINAL YEAR PROJECTS\Josua\backend\.venv\Lib\site-packages\django\db\models\sql\query.py", line 1333, in solve_lookup_type
    _, field, _, lookup_parts = self.names_to_path(lookup_splitted, self.get_meta())
                                ^^^^^^^^^^^^^^^^^^^^^^^^^^^^^^^^^^^^^^^^^^^^^^^^^^^^
  File "D:\DJANGO\FINAL YEAR PROJECTS\Josua\backend\.venv\Lib\site-packages\django\db\models\sql\query.py", line 1806, in names_to_path
    raise FieldError(
django.core.exceptions.FieldError: Cannot resolve keyword 'department' into field. Choices are: compliance_audits, created_at, created_by, created_by_id, description, id, incidents, name, security_analysts, status, updated_at, userlog, users

During handling of the above exception, another exception occurred:

Traceback (most recent call last):
  File "D:\DJANGO\FINAL YEAR PROJECTS\Josua\backend\.venv\Lib\site-packages\django\core\handlers\exception.py", line 55, in inner
    response = get_response(request)
               ^^^^^^^^^^^^^^^^^^^^^
  File "D:\DJANGO\FINAL YEAR PROJECTS\Josua\backend\.venv\Lib\site-packages\django\core\handlers\base.py", line 197, in _get_response
    response = wrapped_callback(request, *callback_args, **callback_kwargs)
               ^^^^^^^^^^^^^^^^^^^^^^^^^^^^^^^^^^^^^^^^^^^^^^^^^^^^^^^^^^^^
  File "D:\DJANGO\FINAL YEAR PROJECTS\Josua\backend\.venv\Lib\site-packages\django\views\decorators\csrf.py", line 65, in _view_wrapper
    return view_func(request, *args, **kwargs)
           ^^^^^^^^^^^^^^^^^^^^^^^^^^^^^^^^^^^
  File "D:\DJANGO\FINAL YEAR PROJECTS\Josua\backend\.venv\Lib\site-packages\django\views\generic\base.py", line 105, in view
    return self.dispatch(request, *args, **kwargs)
           ^^^^^^^^^^^^^^^^^^^^^^^^^^^^^^^^^^^^^^^
  File "D:\DJANGO\FINAL YEAR PROJECTS\Josua\backend\.venv\Lib\site-packages\rest_framework\views.py", line 515, in dispatch
    response = self.handle_exception(exc)
               ^^^^^^^^^^^^^^^^^^^^^^^^^^
  File "D:\DJANGO\FINAL YEAR PROJECTS\Josua\backend\.venv\Lib\site-packages\rest_framework\views.py", line 475, in handle_exception
    self.raise_uncaught_exception(exc)
  File "D:\DJANGO\FINAL YEAR PROJECTS\Josua\backend\.venv\Lib\site-packages\rest_framework\views.py", line 486, in raise_uncaught_exception
    raise exc
  File "D:\DJANGO\FINAL YEAR PROJECTS\Josua\backend\.venv\Lib\site-packages\rest_framework\views.py", line 512, in dispatch
    response = handler(request, *args, **kwargs)
               ^^^^^^^^^^^^^^^^^^^^^^^^^^^^^^^^^
  File "D:\DJANGO\FINAL YEAR PROJECTS\Josua\backend\reportApp\views.py", line 847, in get
    status=status.HTTP_500_INTERNAL_SERVER_ERROR
           ^^^^^^^^^^^^^^^^^^^^^^^^^^^^^^^^^^^^^
AttributeError: 'NoneType' object has no attribute 'HTTP_500_INTERNAL_SERVER_ERROR'
ERROR 2026-02-08 02:03:27,733 log 1456 5288 Internal Server Error: /reports/dashboard/
Traceback (most recent call last):
  File "D:\DJANGO\FINAL YEAR PROJECTS\Josua\backend\reportApp\views.py", line 794, in get
    incident_stats = data_service.get_incident_statistics(start_date, end_date, department_id)
                     ^^^^^^^^^^^^^^^^^^^^^^^^^^^^^^^^^^^^^^^^^^^^^^^^^^^^^^^^^^^^^^^^^^^^^^^^^
  File "D:\DJANGO\FINAL YEAR PROJECTS\Josua\backend\reportApp\views.py", line 211, in get_incident_statistics
    incident_qs = self.get_incident_queryset(start_date, end_date, department_id)
                  ^^^^^^^^^^^^^^^^^^^^^^^^^^^^^^^^^^^^^^^^^^^^^^^^^^^^^^^^^^^^^^^
  File "D:\DJANGO\FINAL YEAR PROJECTS\Josua\backend\reportApp\views.py", line 128, in get_incident_queryset
    Q(department__in=Department.objects.filter(dept_filter)) |
                     ^^^^^^^^^^^^^^^^^^^^^^^^^^^^^^^^^^^^^^
  File "D:\DJANGO\FINAL YEAR PROJECTS\Josua\backend\.venv\Lib\site-packages\django\db\models\manager.py", line 87, in manager_method
    return getattr(self.get_queryset(), name)(*args, **kwargs)
           ^^^^^^^^^^^^^^^^^^^^^^^^^^^^^^^^^^^^^^^^^^^^^^^^^^^
  File "D:\DJANGO\FINAL YEAR PROJECTS\Josua\backend\.venv\Lib\site-packages\django\db\models\query.py", line 1495, in filter
    return self._filter_or_exclude(False, args, kwargs)
           ^^^^^^^^^^^^^^^^^^^^^^^^^^^^^^^^^^^^^^^^^^^^
  File "D:\DJANGO\FINAL YEAR PROJECTS\Josua\backend\.venv\Lib\site-packages\django\db\models\query.py", line 1513, in _filter_or_exclude
    clone._filter_or_exclude_inplace(negate, args, kwargs)
  File "D:\DJANGO\FINAL YEAR PROJECTS\Josua\backend\.venv\Lib\site-packages\django\db\models\query.py", line 1523, in _filter_or_exclude_inplace
    self._query.add_q(Q(*args, **kwargs))
  File "D:\DJANGO\FINAL YEAR PROJECTS\Josua\backend\.venv\Lib\site-packages\django\db\models\sql\query.py", line 1646, in add_q
    clause, _ = self._add_q(q_object, can_reuse)
                ^^^^^^^^^^^^^^^^^^^^^^^^^^^^^^^^
  File "D:\DJANGO\FINAL YEAR PROJECTS\Josua\backend\.venv\Lib\site-packages\django\db\models\sql\query.py", line 1678, in _add_q
    child_clause, needed_inner = self.build_filter(
                                 ^^^^^^^^^^^^^^^^^^
  File "D:\DJANGO\FINAL YEAR PROJECTS\Josua\backend\.venv\Lib\site-packages\django\db\models\sql\query.py", line 1503, in build_filter
    return self._add_q(
           ^^^^^^^^^^^^
  File "D:\DJANGO\FINAL YEAR PROJECTS\Josua\backend\.venv\Lib\site-packages\django\db\models\sql\query.py", line 1678, in _add_q
    child_clause, needed_inner = self.build_filter(
                                 ^^^^^^^^^^^^^^^^^^
  File "D:\DJANGO\FINAL YEAR PROJECTS\Josua\backend\.venv\Lib\site-packages\django\db\models\sql\query.py", line 1526, in build_filter
    lookups, parts, reffed_expression = self.solve_lookup_type(arg, summarize)
                                        ^^^^^^^^^^^^^^^^^^^^^^^^^^^^^^^^^^^^^^
  File "D:\DJANGO\FINAL YEAR PROJECTS\Josua\backend\.venv\Lib\site-packages\django\db\models\sql\query.py", line 1333, in solve_lookup_type
    _, field, _, lookup_parts = self.names_to_path(lookup_splitted, self.get_meta())
                                ^^^^^^^^^^^^^^^^^^^^^^^^^^^^^^^^^^^^^^^^^^^^^^^^^^^^
  File "D:\DJANGO\FINAL YEAR PROJECTS\Josua\backend\.venv\Lib\site-packages\django\db\models\sql\query.py", line 1806, in names_to_path
    raise FieldError(
django.core.exceptions.FieldError: Cannot resolve keyword 'department' into field. Choices are: compliance_audits, created_at, created_by, created_by_id, description, id, incidents, name, security_analysts, status, updated_at, userlog, users

During handling of the above exception, another exception occurred:

Traceback (most recent call last):
  File "D:\DJANGO\FINAL YEAR PROJECTS\Josua\backend\.venv\Lib\site-packages\django\core\handlers\exception.py", line 55, in inner
    response = get_response(request)
               ^^^^^^^^^^^^^^^^^^^^^
  File "D:\DJANGO\FINAL YEAR PROJECTS\Josua\backend\.venv\Lib\site-packages\django\core\handlers\base.py", line 197, in _get_response
    response = wrapped_callback(request, *callback_args, **callback_kwargs)
               ^^^^^^^^^^^^^^^^^^^^^^^^^^^^^^^^^^^^^^^^^^^^^^^^^^^^^^^^^^^^
  File "D:\DJANGO\FINAL YEAR PROJECTS\Josua\backend\.venv\Lib\site-packages\django\views\decorators\csrf.py", line 65, in _view_wrapper
    return view_func(request, *args, **kwargs)
           ^^^^^^^^^^^^^^^^^^^^^^^^^^^^^^^^^^^
  File "D:\DJANGO\FINAL YEAR PROJECTS\Josua\backend\.venv\Lib\site-packages\django\views\generic\base.py", line 105, in view
    return self.dispatch(request, *args, **kwargs)
           ^^^^^^^^^^^^^^^^^^^^^^^^^^^^^^^^^^^^^^^
  File "D:\DJANGO\FINAL YEAR PROJECTS\Josua\backend\.venv\Lib\site-packages\rest_framework\views.py", line 515, in dispatch
    response = self.handle_exception(exc)
               ^^^^^^^^^^^^^^^^^^^^^^^^^^
  File "D:\DJANGO\FINAL YEAR PROJECTS\Josua\backend\.venv\Lib\site-packages\rest_framework\views.py", line 475, in handle_exception
    self.raise_uncaught_exception(exc)
  File "D:\DJANGO\FINAL YEAR PROJECTS\Josua\backend\.venv\Lib\site-packages\rest_framework\views.py", line 486, in raise_uncaught_exception
    raise exc
  File "D:\DJANGO\FINAL YEAR PROJECTS\Josua\backend\.venv\Lib\site-packages\rest_framework\views.py", line 512, in dispatch
    response = handler(request, *args, **kwargs)
               ^^^^^^^^^^^^^^^^^^^^^^^^^^^^^^^^^
  File "D:\DJANGO\FINAL YEAR PROJECTS\Josua\backend\reportApp\views.py", line 847, in get
    status=status.HTTP_500_INTERNAL_SERVER_ERROR
           ^^^^^^^^^^^^^^^^^^^^^^^^^^^^^^^^^^^^^
AttributeError: 'NoneType' object has no attribute 'HTTP_500_INTERNAL_SERVER_ERROR'
ERROR 2026-02-08 02:04:46,099 log 8884 6704 Internal Server Error: /reports/dashboard/
Traceback (most recent call last):
  File "D:\DJANGO\FINAL YEAR PROJECTS\Josua\backend\reportApp\views.py", line 787, in get
    training_stats = data_service.get_training_statistics(department_id)
                     ^^^^^^^^^^^^^^^^^^^^^^^^^^^^^^^^^^^^^^^^^^^^^^^^^^^
  File "D:\DJANGO\FINAL YEAR PROJECTS\Josua\backend\reportApp\views.py", line 213, in get_training_statistics
    total_trainings = Training.objects.filter(
                      ^^^^^^^^^^^^^^^^^^^^^^^^
  File "D:\DJANGO\FINAL YEAR PROJECTS\Josua\backend\.venv\Lib\site-packages\django\db\models\manager.py", line 87, in manager_method
    return getattr(self.get_queryset(), name)(*args, **kwargs)
           ^^^^^^^^^^^^^^^^^^^^^^^^^^^^^^^^^^^^^^^^^^^^^^^^^^^
  File "D:\DJANGO\FINAL YEAR PROJECTS\Josua\backend\.venv\Lib\site-packages\django\db\models\query.py", line 1495, in filter
    return self._filter_or_exclude(False, args, kwargs)
           ^^^^^^^^^^^^^^^^^^^^^^^^^^^^^^^^^^^^^^^^^^^^
  File "D:\DJANGO\FINAL YEAR PROJECTS\Josua\backend\.venv\Lib\site-packages\django\db\models\query.py", line 1513, in _filter_or_exclude
    clone._filter_or_exclude_inplace(negate, args, kwargs)
  File "D:\DJANGO\FINAL YEAR PROJECTS\Josua\backend\.venv\Lib\site-packages\django\db\models\query.py", line 1523, in _filter_or_exclude_inplace
    self._query.add_q(Q(*args, **kwargs))
  File "D:\DJANGO\FINAL YEAR PROJECTS\Josua\backend\.venv\Lib\site-packages\django\db\models\sql\query.py", line 1646, in add_q
    clause, _ = self._add_q(q_object, can_reuse)
                ^^^^^^^^^^^^^^^^^^^^^^^^^^^^^^^^
  File "D:\DJANGO\FINAL YEAR PROJECTS\Josua\backend\.venv\Lib\site-packages\django\db\models\sql\query.py", line 1678, in _add_q
    child_clause, needed_inner = self.build_filter(
                                 ^^^^^^^^^^^^^^^^^^
  File "D:\DJANGO\FINAL YEAR PROJECTS\Josua\backend\.venv\Lib\site-packages\django\db\models\sql\query.py", line 1526, in build_filter
    lookups, parts, reffed_expression = self.solve_lookup_type(arg, summarize)
                                        ^^^^^^^^^^^^^^^^^^^^^^^^^^^^^^^^^^^^^^
  File "D:\DJANGO\FINAL YEAR PROJECTS\Josua\backend\.venv\Lib\site-packages\django\db\models\sql\query.py", line 1333, in solve_lookup_type
    _, field, _, lookup_parts = self.names_to_path(lookup_splitted, self.get_meta())
                                ^^^^^^^^^^^^^^^^^^^^^^^^^^^^^^^^^^^^^^^^^^^^^^^^^^^^
  File "D:\DJANGO\FINAL YEAR PROJECTS\Josua\backend\.venv\Lib\site-packages\django\db\models\sql\query.py", line 1806, in names_to_path
    raise FieldError(
django.core.exceptions.FieldError: Cannot resolve keyword 'candidates' into field. Choices are: candidate, created_at, created_by, created_by_id, description, id, learningachievement, learningprogress, learningsession, modules, name, picture_data

During handling of the above exception, another exception occurred:

Traceback (most recent call last):
  File "D:\DJANGO\FINAL YEAR PROJECTS\Josua\backend\.venv\Lib\site-packages\django\core\handlers\exception.py", line 55, in inner
    response = get_response(request)
               ^^^^^^^^^^^^^^^^^^^^^
  File "D:\DJANGO\FINAL YEAR PROJECTS\Josua\backend\.venv\Lib\site-packages\django\core\handlers\base.py", line 197, in _get_response
    response = wrapped_callback(request, *callback_args, **callback_kwargs)
               ^^^^^^^^^^^^^^^^^^^^^^^^^^^^^^^^^^^^^^^^^^^^^^^^^^^^^^^^^^^^
  File "D:\DJANGO\FINAL YEAR PROJECTS\Josua\backend\.venv\Lib\site-packages\django\views\decorators\csrf.py", line 65, in _view_wrapper
    return view_func(request, *args, **kwargs)
           ^^^^^^^^^^^^^^^^^^^^^^^^^^^^^^^^^^^
  File "D:\DJANGO\FINAL YEAR PROJECTS\Josua\backend\.venv\Lib\site-packages\django\views\generic\base.py", line 105, in view
    return self.dispatch(request, *args, **kwargs)
           ^^^^^^^^^^^^^^^^^^^^^^^^^^^^^^^^^^^^^^^
  File "D:\DJANGO\FINAL YEAR PROJECTS\Josua\backend\.venv\Lib\site-packages\rest_framework\views.py", line 515, in dispatch
    response = self.handle_exception(exc)
               ^^^^^^^^^^^^^^^^^^^^^^^^^^
  File "D:\DJANGO\FINAL YEAR PROJECTS\Josua\backend\.venv\Lib\site-packages\rest_framework\views.py", line 475, in handle_exception
    self.raise_uncaught_exception(exc)
  File "D:\DJANGO\FINAL YEAR PROJECTS\Josua\backend\.venv\Lib\site-packages\rest_framework\views.py", line 486, in raise_uncaught_exception
    raise exc
  File "D:\DJANGO\FINAL YEAR PROJECTS\Josua\backend\.venv\Lib\site-packages\rest_framework\views.py", line 512, in dispatch
    response = handler(request, *args, **kwargs)
               ^^^^^^^^^^^^^^^^^^^^^^^^^^^^^^^^^
  File "D:\DJANGO\FINAL YEAR PROJECTS\Josua\backend\reportApp\views.py", line 838, in get
    status=status.HTTP_500_INTERNAL_SERVER_ERROR
           ^^^^^^^^^^^^^^^^^^^^^^^^^^^^^^^^^^^^^
AttributeError: 'NoneType' object has no attribute 'HTTP_500_INTERNAL_SERVER_ERROR'
ERROR 2026-02-08 02:04:46,381 log 8884 1440 Internal Server Error: /reports/dashboard/
Traceback (most recent call last):
  File "D:\DJANGO\FINAL YEAR PROJECTS\Josua\backend\reportApp\views.py", line 787, in get
    training_stats = data_service.get_training_statistics(department_id)
                     ^^^^^^^^^^^^^^^^^^^^^^^^^^^^^^^^^^^^^^^^^^^^^^^^^^^
  File "D:\DJANGO\FINAL YEAR PROJECTS\Josua\backend\reportApp\views.py", line 213, in get_training_statistics
    total_trainings = Training.objects.filter(
                      ^^^^^^^^^^^^^^^^^^^^^^^^
  File "D:\DJANGO\FINAL YEAR PROJECTS\Josua\backend\.venv\Lib\site-packages\django\db\models\manager.py", line 87, in manager_method
    return getattr(self.get_queryset(), name)(*args, **kwargs)
           ^^^^^^^^^^^^^^^^^^^^^^^^^^^^^^^^^^^^^^^^^^^^^^^^^^^
  File "D:\DJANGO\FINAL YEAR PROJECTS\Josua\backend\.venv\Lib\site-packages\django\db\models\query.py", line 1495, in filter
    return self._filter_or_exclude(False, args, kwargs)
           ^^^^^^^^^^^^^^^^^^^^^^^^^^^^^^^^^^^^^^^^^^^^
  File "D:\DJANGO\FINAL YEAR PROJECTS\Josua\backend\.venv\Lib\site-packages\django\db\models\query.py", line 1513, in _filter_or_exclude
    clone._filter_or_exclude_inplace(negate, args, kwargs)
  File "D:\DJANGO\FINAL YEAR PROJECTS\Josua\backend\.venv\Lib\site-packages\django\db\models\query.py", line 1523, in _filter_or_exclude_inplace
    self._query.add_q(Q(*args, **kwargs))
  File "D:\DJANGO\FINAL YEAR PROJECTS\Josua\backend\.venv\Lib\site-packages\django\db\models\sql\query.py", line 1646, in add_q
    clause, _ = self._add_q(q_object, can_reuse)
                ^^^^^^^^^^^^^^^^^^^^^^^^^^^^^^^^
  File "D:\DJANGO\FINAL YEAR PROJECTS\Josua\backend\.venv\Lib\site-packages\django\db\models\sql\query.py", line 1678, in _add_q
    child_clause, needed_inner = self.build_filter(
                                 ^^^^^^^^^^^^^^^^^^
  File "D:\DJANGO\FINAL YEAR PROJECTS\Josua\backend\.venv\Lib\site-packages\django\db\models\sql\query.py", line 1526, in build_filter
    lookups, parts, reffed_expression = self.solve_lookup_type(arg, summarize)
                                        ^^^^^^^^^^^^^^^^^^^^^^^^^^^^^^^^^^^^^^
  File "D:\DJANGO\FINAL YEAR PROJECTS\Josua\backend\.venv\Lib\site-packages\django\db\models\sql\query.py", line 1333, in solve_lookup_type
    _, field, _, lookup_parts = self.names_to_path(lookup_splitted, self.get_meta())
                                ^^^^^^^^^^^^^^^^^^^^^^^^^^^^^^^^^^^^^^^^^^^^^^^^^^^^
  File "D:\DJANGO\FINAL YEAR PROJECTS\Josua\backend\.venv\Lib\site-packages\django\db\models\sql\query.py", line 1806, in names_to_path
    raise FieldError(
django.core.exceptions.FieldError: Cannot resolve keyword 'candidates' into field. Choices are: candidate, created_at, created_by, created_by_id, description, id, learningachievement, learningprogress, learningsession, modules, name, picture_data

During handling of the above exception, another exception occurred:

Traceback (most recent call last):
  File "D:\DJANGO\FINAL YEAR PROJECTS\Josua\backend\.venv\Lib\site-packages\django\core\handlers\exception.py", line 55, in inner
    response = get_response(request)
               ^^^^^^^^^^^^^^^^^^^^^
  File "D:\DJANGO\FINAL YEAR PROJECTS\Josua\backend\.venv\Lib\site-packages\django\core\handlers\base.py", line 197, in _get_response
    response = wrapped_callback(request, *callback_args, **callback_kwargs)
               ^^^^^^^^^^^^^^^^^^^^^^^^^^^^^^^^^^^^^^^^^^^^^^^^^^^^^^^^^^^^
  File "D:\DJANGO\FINAL YEAR PROJECTS\Josua\backend\.venv\Lib\site-packages\django\views\decorators\csrf.py", line 65, in _view_wrapper
    return view_func(request, *args, **kwargs)
           ^^^^^^^^^^^^^^^^^^^^^^^^^^^^^^^^^^^
  File "D:\DJANGO\FINAL YEAR PROJECTS\Josua\backend\.venv\Lib\site-packages\django\views\generic\base.py", line 105, in view
    return self.dispatch(request, *args, **kwargs)
           ^^^^^^^^^^^^^^^^^^^^^^^^^^^^^^^^^^^^^^^
  File "D:\DJANGO\FINAL YEAR PROJECTS\Josua\backend\.venv\Lib\site-packages\rest_framework\views.py", line 515, in dispatch
    response = self.handle_exception(exc)
               ^^^^^^^^^^^^^^^^^^^^^^^^^^
  File "D:\DJANGO\FINAL YEAR PROJECTS\Josua\backend\.venv\Lib\site-packages\rest_framework\views.py", line 475, in handle_exception
    self.raise_uncaught_exception(exc)
  File "D:\DJANGO\FINAL YEAR PROJECTS\Josua\backend\.venv\Lib\site-packages\rest_framework\views.py", line 486, in raise_uncaught_exception
    raise exc
  File "D:\DJANGO\FINAL YEAR PROJECTS\Josua\backend\.venv\Lib\site-packages\rest_framework\views.py", line 512, in dispatch
    response = handler(request, *args, **kwargs)
               ^^^^^^^^^^^^^^^^^^^^^^^^^^^^^^^^^
  File "D:\DJANGO\FINAL YEAR PROJECTS\Josua\backend\reportApp\views.py", line 838, in get
    status=status.HTTP_500_INTERNAL_SERVER_ERROR
           ^^^^^^^^^^^^^^^^^^^^^^^^^^^^^^^^^^^^^
AttributeError: 'NoneType' object has no attribute 'HTTP_500_INTERNAL_SERVER_ERROR'
ERROR 2026-02-08 02:09:45,997 log 8884 1440 Internal Server Error: /reports/dashboard/
Traceback (most recent call last):
  File "D:\DJANGO\FINAL YEAR PROJECTS\Josua\backend\reportApp\views.py", line 787, in get
    training_stats = data_service.get_training_statistics(department_id)
                     ^^^^^^^^^^^^^^^^^^^^^^^^^^^^^^^^^^^^^^^^^^^^^^^^^^^
  File "D:\DJANGO\FINAL YEAR PROJECTS\Josua\backend\reportApp\views.py", line 213, in get_training_statistics
    total_trainings = Training.objects.filter(
                      ^^^^^^^^^^^^^^^^^^^^^^^^
  File "D:\DJANGO\FINAL YEAR PROJECTS\Josua\backend\.venv\Lib\site-packages\django\db\models\manager.py", line 87, in manager_method
    return getattr(self.get_queryset(), name)(*args, **kwargs)
           ^^^^^^^^^^^^^^^^^^^^^^^^^^^^^^^^^^^^^^^^^^^^^^^^^^^
  File "D:\DJANGO\FINAL YEAR PROJECTS\Josua\backend\.venv\Lib\site-packages\django\db\models\query.py", line 1495, in filter
    return self._filter_or_exclude(False, args, kwargs)
           ^^^^^^^^^^^^^^^^^^^^^^^^^^^^^^^^^^^^^^^^^^^^
  File "D:\DJANGO\FINAL YEAR PROJECTS\Josua\backend\.venv\Lib\site-packages\django\db\models\query.py", line 1513, in _filter_or_exclude
    clone._filter_or_exclude_inplace(negate, args, kwargs)
  File "D:\DJANGO\FINAL YEAR PROJECTS\Josua\backend\.venv\Lib\site-packages\django\db\models\query.py", line 1523, in _filter_or_exclude_inplace
    self._query.add_q(Q(*args, **kwargs))
  File "D:\DJANGO\FINAL YEAR PROJECTS\Josua\backend\.venv\Lib\site-packages\django\db\models\sql\query.py", line 1646, in add_q
    clause, _ = self._add_q(q_object, can_reuse)
                ^^^^^^^^^^^^^^^^^^^^^^^^^^^^^^^^
  File "D:\DJANGO\FINAL YEAR PROJECTS\Josua\backend\.venv\Lib\site-packages\django\db\models\sql\query.py", line 1678, in _add_q
    child_clause, needed_inner = self.build_filter(
                                 ^^^^^^^^^^^^^^^^^^
  File "D:\DJANGO\FINAL YEAR PROJECTS\Josua\backend\.venv\Lib\site-packages\django\db\models\sql\query.py", line 1526, in build_filter
    lookups, parts, reffed_expression = self.solve_lookup_type(arg, summarize)
                                        ^^^^^^^^^^^^^^^^^^^^^^^^^^^^^^^^^^^^^^
  File "D:\DJANGO\FINAL YEAR PROJECTS\Josua\backend\.venv\Lib\site-packages\django\db\models\sql\query.py", line 1333, in solve_lookup_type
    _, field, _, lookup_parts = self.names_to_path(lookup_splitted, self.get_meta())
                                ^^^^^^^^^^^^^^^^^^^^^^^^^^^^^^^^^^^^^^^^^^^^^^^^^^^^
  File "D:\DJANGO\FINAL YEAR PROJECTS\Josua\backend\.venv\Lib\site-packages\django\db\models\sql\query.py", line 1806, in names_to_path
    raise FieldError(
django.core.exceptions.FieldError: Cannot resolve keyword 'candidates' into field. Choices are: candidate, created_at, created_by, created_by_id, description, id, learningachievement, learningprogress, learningsession, modules, name, picture_data

During handling of the above exception, another exception occurred:

Traceback (most recent call last):
  File "D:\DJANGO\FINAL YEAR PROJECTS\Josua\backend\.venv\Lib\site-packages\django\core\handlers\exception.py", line 55, in inner
    response = get_response(request)
               ^^^^^^^^^^^^^^^^^^^^^
  File "D:\DJANGO\FINAL YEAR PROJECTS\Josua\backend\.venv\Lib\site-packages\django\core\handlers\base.py", line 197, in _get_response
    response = wrapped_callback(request, *callback_args, **callback_kwargs)
               ^^^^^^^^^^^^^^^^^^^^^^^^^^^^^^^^^^^^^^^^^^^^^^^^^^^^^^^^^^^^
  File "D:\DJANGO\FINAL YEAR PROJECTS\Josua\backend\.venv\Lib\site-packages\django\views\decorators\csrf.py", line 65, in _view_wrapper
    return view_func(request, *args, **kwargs)
           ^^^^^^^^^^^^^^^^^^^^^^^^^^^^^^^^^^^
  File "D:\DJANGO\FINAL YEAR PROJECTS\Josua\backend\.venv\Lib\site-packages\django\views\generic\base.py", line 105, in view
    return self.dispatch(request, *args, **kwargs)
           ^^^^^^^^^^^^^^^^^^^^^^^^^^^^^^^^^^^^^^^
  File "D:\DJANGO\FINAL YEAR PROJECTS\Josua\backend\.venv\Lib\site-packages\rest_framework\views.py", line 515, in dispatch
    response = self.handle_exception(exc)
               ^^^^^^^^^^^^^^^^^^^^^^^^^^
  File "D:\DJANGO\FINAL YEAR PROJECTS\Josua\backend\.venv\Lib\site-packages\rest_framework\views.py", line 475, in handle_exception
    self.raise_uncaught_exception(exc)
  File "D:\DJANGO\FINAL YEAR PROJECTS\Josua\backend\.venv\Lib\site-packages\rest_framework\views.py", line 486, in raise_uncaught_exception
    raise exc
  File "D:\DJANGO\FINAL YEAR PROJECTS\Josua\backend\.venv\Lib\site-packages\rest_framework\views.py", line 512, in dispatch
    response = handler(request, *args, **kwargs)
               ^^^^^^^^^^^^^^^^^^^^^^^^^^^^^^^^^
  File "D:\DJANGO\FINAL YEAR PROJECTS\Josua\backend\reportApp\views.py", line 838, in get
    status=status.HTTP_500_INTERNAL_SERVER_ERROR
           ^^^^^^^^^^^^^^^^^^^^^^^^^^^^^^^^^^^^^
AttributeError: 'NoneType' object has no attribute 'HTTP_500_INTERNAL_SERVER_ERROR'
ERROR 2026-02-08 02:11:09,970 log 8164 2028 Internal Server Error: /reports/dashboard/
ERROR 2026-02-08 02:11:10,299 log 8164 2028 Internal Server Error: /reports/dashboard/
ERROR 2026-02-08 02:16:10,974 log 8164 10836 Internal Server Error: /reports/dashboard/
ERROR 2026-02-08 02:16:29,026 log 1756 10056 Internal Server Error: /reports/dashboard/
Traceback (most recent call last):
  File "D:\DJANGO\FINAL YEAR PROJECTS\Josua\backend\reportApp\views.py", line 914, in get
    return Response(dashboard_data, status=status.HTTP_200_OK)
                                           ^^^^^^^^^^^^^^^^^^
AttributeError: 'NoneType' object has no attribute 'HTTP_200_OK'

During handling of the above exception, another exception occurred:

Traceback (most recent call last):
  File "D:\DJANGO\FINAL YEAR PROJECTS\Josua\backend\.venv\Lib\site-packages\django\core\handlers\exception.py", line 55, in inner
    response = get_response(request)
               ^^^^^^^^^^^^^^^^^^^^^
  File "D:\DJANGO\FINAL YEAR PROJECTS\Josua\backend\.venv\Lib\site-packages\django\core\handlers\base.py", line 197, in _get_response
    response = wrapped_callback(request, *callback_args, **callback_kwargs)
               ^^^^^^^^^^^^^^^^^^^^^^^^^^^^^^^^^^^^^^^^^^^^^^^^^^^^^^^^^^^^
  File "D:\DJANGO\FINAL YEAR PROJECTS\Josua\backend\.venv\Lib\site-packages\django\views\decorators\csrf.py", line 65, in _view_wrapper
    return view_func(request, *args, **kwargs)
           ^^^^^^^^^^^^^^^^^^^^^^^^^^^^^^^^^^^
  File "D:\DJANGO\FINAL YEAR PROJECTS\Josua\backend\.venv\Lib\site-packages\django\views\generic\base.py", line 105, in view
    return self.dispatch(request, *args, **kwargs)
           ^^^^^^^^^^^^^^^^^^^^^^^^^^^^^^^^^^^^^^^
  File "D:\DJANGO\FINAL YEAR PROJECTS\Josua\backend\.venv\Lib\site-packages\rest_framework\views.py", line 515, in dispatch
    response = self.handle_exception(exc)
               ^^^^^^^^^^^^^^^^^^^^^^^^^^
  File "D:\DJANGO\FINAL YEAR PROJECTS\Josua\backend\.venv\Lib\site-packages\rest_framework\views.py", line 475, in handle_exception
    self.raise_uncaught_exception(exc)
  File "D:\DJANGO\FINAL YEAR PROJECTS\Josua\backend\.venv\Lib\site-packages\rest_framework\views.py", line 486, in raise_uncaught_exception
    raise exc
  File "D:\DJANGO\FINAL YEAR PROJECTS\Josua\backend\.venv\Lib\site-packages\rest_framework\views.py", line 512, in dispatch
    response = handler(request, *args, **kwargs)
               ^^^^^^^^^^^^^^^^^^^^^^^^^^^^^^^^^
  File "D:\DJANGO\FINAL YEAR PROJECTS\Josua\backend\reportApp\views.py", line 920, in get
    status=status.HTTP_500_INTERNAL_SERVER_ERROR
           ^^^^^^^^^^^^^^^^^^^^^^^^^^^^^^^^^^^^^
AttributeError: 'NoneType' object has no attribute 'HTTP_500_INTERNAL_SERVER_ERROR'
ERROR 2026-02-08 02:16:29,566 log 1756 8276 Internal Server Error: /reports/dashboard/
Traceback (most recent call last):
  File "D:\DJANGO\FINAL YEAR PROJECTS\Josua\backend\reportApp\views.py", line 914, in get
    return Response(dashboard_data, status=status.HTTP_200_OK)
                                           ^^^^^^^^^^^^^^^^^^
AttributeError: 'NoneType' object has no attribute 'HTTP_200_OK'

During handling of the above exception, another exception occurred:

Traceback (most recent call last):
  File "D:\DJANGO\FINAL YEAR PROJECTS\Josua\backend\.venv\Lib\site-packages\django\core\handlers\exception.py", line 55, in inner
    response = get_response(request)
               ^^^^^^^^^^^^^^^^^^^^^
  File "D:\DJANGO\FINAL YEAR PROJECTS\Josua\backend\.venv\Lib\site-packages\django\core\handlers\base.py", line 197, in _get_response
    response = wrapped_callback(request, *callback_args, **callback_kwargs)
               ^^^^^^^^^^^^^^^^^^^^^^^^^^^^^^^^^^^^^^^^^^^^^^^^^^^^^^^^^^^^
  File "D:\DJANGO\FINAL YEAR PROJECTS\Josua\backend\.venv\Lib\site-packages\django\views\decorators\csrf.py", line 65, in _view_wrapper
    return view_func(request, *args, **kwargs)
           ^^^^^^^^^^^^^^^^^^^^^^^^^^^^^^^^^^^
  File "D:\DJANGO\FINAL YEAR PROJECTS\Josua\backend\.venv\Lib\site-packages\django\views\generic\base.py", line 105, in view
    return self.dispatch(request, *args, **kwargs)
           ^^^^^^^^^^^^^^^^^^^^^^^^^^^^^^^^^^^^^^^
  File "D:\DJANGO\FINAL YEAR PROJECTS\Josua\backend\.venv\Lib\site-packages\rest_framework\views.py", line 515, in dispatch
    response = self.handle_exception(exc)
               ^^^^^^^^^^^^^^^^^^^^^^^^^^
  File "D:\DJANGO\FINAL YEAR PROJECTS\Josua\backend\.venv\Lib\site-packages\rest_framework\views.py", line 475, in handle_exception
    self.raise_uncaught_exception(exc)
  File "D:\DJANGO\FINAL YEAR PROJECTS\Josua\backend\.venv\Lib\site-packages\rest_framework\views.py", line 486, in raise_uncaught_exception
    raise exc
  File "D:\DJANGO\FINAL YEAR PROJECTS\Josua\backend\.venv\Lib\site-packages\rest_framework\views.py", line 512, in dispatch
    response = handler(request, *args, **kwargs)
               ^^^^^^^^^^^^^^^^^^^^^^^^^^^^^^^^^
  File "D:\DJANGO\FINAL YEAR PROJECTS\Josua\backend\reportApp\views.py", line 920, in get
    status=status.HTTP_500_INTERNAL_SERVER_ERROR
           ^^^^^^^^^^^^^^^^^^^^^^^^^^^^^^^^^^^^^
AttributeError: 'NoneType' object has no attribute 'HTTP_500_INTERNAL_SERVER_ERROR'
ERROR 2026-02-08 03:39:14,701 log 1792 6684 Internal Server Error: /incidents/assigned/check/
ERROR 2026-02-08 03:39:14,879 log 1792 13628 Internal Server Error: /incidents/assigned/check/
ERROR 2026-02-08 03:39:15,055 log 1792 6684 Internal Server Error: /incidents/assigned/check/
ERROR 2026-02-08 03:39:15,193 log 1792 13628 Internal Server Error: /incidents/assigned/check/
ERROR 2026-02-08 03:39:16,573 log 1792 11272 Internal Server Error: /incidents/assigned/check/
ERROR 2026-02-08 03:39:16,780 log 1792 11272 Internal Server Error: /incidents/assigned/check/
ERROR 2026-02-08 03:39:16,936 log 1792 11272 Internal Server Error: /incidents/assigned/check/
ERROR 2026-02-08 03:39:17,053 log 1792 10748 Internal Server Error: /incidents/assigned/check/
ERROR 2026-02-08 03:39:17,198 log 1792 10748 Internal Server Error: /incidents/assigned/check/
ERROR 2026-02-08 03:39:17,278 log 1792 10748 Internal Server Error: /incidents/assigned/check/
ERROR 2026-02-08 03:40:14,772 log 1792 11368 Internal Server Error: /incidents/assigned/check/
ERROR 2026-02-08 03:40:16,748 log 1792 10748 Internal Server Error: /incidents/assigned/check/
ERROR 2026-02-08 03:41:14,781 log 1792 11368 Internal Server Error: /incidents/assigned/check/
ERROR 2026-02-08 03:58:20,467 log 12844 13812 Internal Server Error: /incidents/assigned/my-incidents/
ERROR 2026-02-08 03:58:20,702 log 12844 1440 Internal Server Error: /incidents/assigned/my-incidents/
ERROR 2026-02-08 03:58:27,034 log 12844 13812 Internal Server Error: /incidents/assigned/my-incidents/
ERROR 2026-02-08 03:58:27,203 log 12844 13812 Internal Server Error: /incidents/assigned/my-incidents/
ERROR 2026-02-08 04:05:30,664 log 12844 12832 Internal Server Error: /incidents/assigned/my-incidents/
ERROR 2026-02-08 04:05:30,877 log 12844 12832 Internal Server Error: /incidents/assigned/my-incidents/
ERROR 2026-02-08 04:05:34,722 log 12844 3004 Internal Server Error: /incidents/assigned/my-incidents/
ERROR 2026-02-08 04:05:34,855 log 12844 3004 Internal Server Error: /incidents/assigned/my-incidents/
ERROR 2026-02-08 04:07:05,083 log 12844 12832 Internal Server Error: /incidents/assigned/my-incidents/
ERROR 2026-02-08 04:07:05,576 log 12844 12832 Internal Server Error: /incidents/assigned/my-incidents/
ERROR 2026-02-08 04:07:18,837 log 12844 3004 Internal Server Error: /incidents/assigned/my-incidents/
ERROR 2026-02-08 04:07:19,023 log 12844 3004 Internal Server Error: /incidents/assigned/my-incidents/
ERROR 2026-02-08 04:08:16,311 log 12844 12832 Internal Server Error: /incidents/assigned/my-incidents/
ERROR 2026-02-08 04:08:16,441 log 12844 12832 Internal Server Error: /incidents/assigned/my-incidents/
ERROR 2026-02-08 04:11:44,080 log 12844 9308 Internal Server Error: /incidents/assigned/my-incidents/
ERROR 2026-02-08 04:11:44,522 log 12844 9308 Internal Server Error: /incidents/assigned/my-incidents/
ERROR 2026-02-08 04:15:37,259 log 12844 9308 Internal Server Error: /incidents/assigned/my-incidents/
ERROR 2026-02-08 04:15:37,818 log 12844 13584 Internal Server Error: /incidents/assigned/my-incidents/
ERROR 2026-02-08 04:22:46,139 log 12844 12280 Internal Server Error: /incidents/assigned/my-incidents/
ERROR 2026-02-08 04:22:46,359 log 12844 12280 Internal Server Error: /incidents/assigned/my-incidents/
ERROR 2026-02-08 04:23:17,331 log 12844 9308 Internal Server Error: /incidents/assigned/my-incidents/
ERROR 2026-02-08 04:23:17,495 log 12844 9308 Internal Server Error: /incidents/assigned/my-incidents/
ERROR 2026-02-08 04:28:37,060 log 5096 13784 Internal Server Error: /incidents/assigned/my-incidents/
ERROR 2026-02-08 04:28:37,242 log 5096 13784 Internal Server Error: /incidents/assigned/my-incidents/
ERROR 2026-02-08 04:29:57,904 log 5096 14292 Internal Server Error: /incidents/assigned/my-incidents/
ERROR 2026-02-08 04:29:58,243 log 5096 14292 Internal Server Error: /incidents/assigned/my-incidents/
ERROR 2026-02-08 04:31:50,989 log 13440 11056 Internal Server Error: /incidents/assigned/update-status/
ERROR 2026-02-08 04:32:10,503 log 13440 11056 Internal Server Error: /incidents/assigned/update-status/
ERROR 2026-03-02 15:34:05,319 log 5232 10624 Internal Server Error: /auth/login-with-otp/request/
ERROR 2026-03-02 15:43:43,000 log 5232 12280 Internal Server Error: /auth/register/
ERROR 2026-03-02 15:45:14,447 log 12976 3064 Internal Server Error: /auth/register/
ERROR 2026-03-02 15:52:57,106 log 5204 13396 Internal Server Error: /auth/register/
ERROR 2026-03-02 15:55:57,924 log 11368 5036 Internal Server Error: /auth/register/
ERROR 2026-03-02 15:59:23,001 log 5088 11476 Internal Server Error: /auth/register/
ERROR 2026-03-02 16:53:59,771 log 12408 11704 Internal Server Error: /auth/register/
ERROR 2026-04-11 19:16:53,651 log 6680 3592 Internal Server Error: /auth/login-with-otp/request/
ERROR 2026-04-11 19:17:31,131 log 6680 3592 Internal Server Error: /auth/login-with-otp/request/
ERROR 2026-04-11 19:18:59,125 log 6680 3592 Internal Server Error: /auth/login-with-otp/request/
ERROR 2026-04-11 19:20:38,885 log 10264 15956 Internal Server Error: /auth/login-with-otp/request/
ERROR 2026-04-11 19:28:12,611 log 5780 14144 Internal Server Error: /auth/login-with-otp/request/
ERROR 2026-04-11 19:58:17,386 log 13136 1104 Internal Server Error: /incidents/danger-zone/
ERROR 2026-04-11 19:59:31,017 log 13136 10980 Internal Server Error: /incidents/danger-zone/
ERROR 2026-04-13 09:55:05,195 log 3436 7404 Internal Server Error: /progress/module-completion/
ERROR 2026-04-13 09:55:17,340 log 3436 7404 Internal Server Error: /progress/module-completion/
ERROR 2026-04-13 09:57:01,724 log 3436 7404 Internal Server Error: /progress/module-completion/
ERROR 2026-04-13 09:58:10,633 log 3436 7404 Internal Server Error: /progress/module-completion/
ERROR 2026-04-13 10:01:05,622 log 3436 7404 Internal Server Error: /progress/module-completion/
ERROR 2026-04-13 11:03:16,891 log 15240 3080 Internal Server Error: /reports/dashboard/
ERROR 2026-04-13 11:03:16,895 log 15240 3080 Internal Server Error: /reports/dashboard/
ERROR 2026-04-17 11:03:54,898 log 12808 6248 Internal Server Error: /risk-assessment/dashboard-data/
ERROR 2026-04-17 11:03:55,139 log 12808 17004 Internal Server Error: /risk-assessment/dashboard-data/
ERROR 2026-04-17 11:07:34,454 log 17188 7556 Internal Server Error: /risk-assessment/dashboard-data/
ERROR 2026-04-17 11:07:34,674 log 17188 14364 Internal Server Error: /risk-assessment/dashboard-data/
ERROR 2026-04-17 11:19:13,842 log 8332 3436 Internal Server Error: /risk-assessment/dashboard-data/
